"trait"	"comp"	"Estimate"	"Std..Error"	"t.value"	"Pr...t.."	"mean_abu1"	"mean_abu2"	"log_fold_diff"	"q"	"status"
"g__Acetatifactor"	"human"	2.12734927524967	0.606782831164918	3.50594836568716	0.000583539786473173	4.98309221267583	7.23602241924917	0.372397286746526	0.361794667613367	"other"
"g__Acetatifactor"	"hdi_diff"	0.18575512758292	0.665409939689773	0.279158931213926	0.780466215899377	7.11044148792551	7.29619661550842	0.0257531092905652	1	"other"
"g__Agathobacter"	"human"	2.68019477078461	0.587443965345345	4.56246881216829	9.71694694768387e-06	5.40173046451802	8.25330001523529	0.423255119565771	0.006024507107564	"Human"
"g__Agathobacter"	"hdi_diff"	0.253491861983733	0.644202560578592	0.393497135056493	0.6944512725445	8.08192523530263	8.33541709728636	0.0308458576367431	1	"Human"
"g__Alistipes"	"human"	4.58745025124845	0.438324475883984	10.4658774575542	4.72094553516438e-20	0.170001259428683	7.11967442169599	3.67905700151776	2.92698623180191e-17	"Human_EUR"
"g__Alistipes"	"hdi_diff"	3.49412138921543	0.480675207145473	7.26919411959177	1.30217532372949e-11	4.75745151067712	8.25157289989254	0.549803105486788	8.07348700712285e-09	"Human_EUR"
"g__Alloprevotella"	"human"	1.34629355866561	0.720657587148023	1.86814595818455	0.0634831113050551	6.75866505639358	3.6212454170488	-0.622728202778917	1	"Human_AFR"
"g__Alloprevotella"	"hdi_diff"	-6.63215910539036	0.790287227937091	-8.39208691592103	1.8864928822471e-14	8.10495861505917	1.47279950966884	-1.69977723953053	1.1696255869932e-11	"Human_AFR"
"g__Angelakisella"	"human"	5.25553848663554	0.526949294458447	9.97351840472001	1.0812913242922e-18	0.132017218154141	3.64005101753049	3.24654811902733	6.70400621061167e-16	"Human_AFR"
"g__Angelakisella"	"hdi_diff"	-2.58485068323752	0.577862919377598	-4.47312086752616	1.41520634640188e-05	5.38755570478965	2.80270502155214	-0.651799542407771	0.00877427934769166	"Human_AFR"
"g__Avelusimicrobium"	"human"	1.21138179654234	0.272293406759276	4.44881060823216	1.5662238481006e-05	0.125647827062065	0.433122272435228	1.18378372170598	0.00971058785822373	"Human_AFR"
"g__Avelusimicrobium"	"hdi_diff"	-1.33702962360441	0.29860228415126	-4.47762691234847	1.3887983049361e-05	1.3370296236044	0	-4.9030720754569	0.00861054949060382	"Human_AFR"
"g__Bacteroides"	"human"	5.51893104275474	0.520862454400032	10.5957551674786	2.05633065738199e-20	0.61251517769872	8.22493785148552	2.58237308582144	1.27492500757683e-17	"Human_EUR"
"g__Bacteroides"	"hdi_diff"	3.09662303756827	0.571187971326752	5.42137298580614	2.028015310128e-07	6.13144622045346	9.22806925802171	0.40827265384581	0.000125736949227936	"Human_EUR"
"g__Bifidobacterium"	"human"	-4.0939328420764	0.728564375558986	-5.6191779057758	7.8231151112066e-08	6.08655689256621	4.62855183127069	-0.273321955785702	4.85033136894809e-05	"Pan"
"g__Bifidobacterium"	"hdi_diff"	3.8989765090717	0.798957967004607	4.88007713808706	2.44907030001484e-06	1.99262405048982	5.89160055956152	1.08076524955133	0.0015184235860092	"Pan"
"g__Blautia_A"	"human"	-4.09379924240373	0.53025055853214	-7.72049963273277	9.88982213623098e-13	6.36059571090267	5.88490984710552	-0.077603742646077	6.1316897244632e-10	"Pan"
"g__Blautia_A"	"hdi_diff"	5.35179270585557	0.581483150233436	9.20369352698713	1.33981888855742e-16	2.26679646849895	7.6185891743545	1.20913352586305	8.30687710905599e-14	"Pan"
"g__Butyrivibrio_A"	"human"	3.58059807289547	0.539412566138743	6.63795821170117	4.20339336826635e-10	0.0656133927325882	3.81160406387383	3.92279210542781	2.60610388832514e-07	"Human"
"g__Butyrivibrio_A"	"hdi_diff"	0.244643218238532	0.591530387260962	0.413576755323314	0.679711553219774	3.64621146562806	3.89085468386659	0.0647681862081053	1	"Human"
"g__Caccovivens"	"human"	1.200844048072	0.316029745034194	3.79978171973043	0.000202210395544434	0.196834241078923	0.545049244290889	0.987139133517399	0.125370445237549	"other"
"g__Caccovivens"	"hdi_diff"	-1.26118046218879	0.346564409509837	-3.63909399690678	0.000363839209829959	1.39767828915092	0.136497826962125	-2.26268642746764	0.225580310094575	"other"
"g__CAG.103"	"human"	1.93122750917197	0.749468840425949	2.57679493129346	0.0108316718167227	3.12119546459302	5.57635210298487	0.578911629450154	1	"other"
"g__CAG.103"	"hdi_diff"	0.774978503637735	0.82188221270165	0.942931349116638	0.347070020973433	5.05242297376499	5.82740147740272	0.142440528061725	1	"other"
"g__CAG.127"	"human"	2.49152940850122	0.694329722636717	3.58839514897855	0.000436214076685539	1.54153412303917	3.40455323994553	0.788802463364021	0.270452727545034	"other"
"g__CAG.127"	"hdi_diff"	-0.929671472984063	0.761415575944244	-1.22097774507852	0.223805244695285	4.03306353154039	3.10339205855632	-0.261289878609128	1	"other"
"g__CAG.170"	"human"	1.81430567251888	0.66934825567315	2.71055561457207	0.007414522191448	4.72809013393958	6.68666575988107	0.345975625568662	1	"other"
"g__CAG.170"	"hdi_diff"	0.213399306104282	0.734020409878525	0.290726665406481	0.771618961910209	6.54239580645846	6.75579511256274	0.0320490332376666	1	"other"
"g__CAG.177"	"human"	3.12692614947039	0.782285708896959	3.99716639829638	9.5808654329664e-05	2.6113662000063	4.00437302646499	0.426185545163711	0.0594013656843917	"other"
"g__CAG.177"	"hdi_diff"	-2.56475566528814	0.857869833557995	-2.98967927879091	0.00321235173413467	5.73829234947668	3.17353668418855	-0.590910084367353	1	"other"
"g__CAG.1782"	"human"	0.650650735717068	0.337364324918124	1.92862934121732	0.0554627530547983	0.455138764727579	0.358213500144039	-0.233672846464241	1	"other"
"g__CAG.1782"	"hdi_diff"	-1.10578950044465	0.369960327760554	-2.98894075248073	0.00321972789097401	1.10578950044464	0	-4.71473241248302	1	"other"
"g__CAG.269"	"human"	0.322507259958549	0.738822074567776	0.436515463005382	0.663023261338236	2.52394844074874	3.71620326695211	0.385611089645024	1	"other"
"g__CAG.269"	"hdi_diff"	1.28650160840381	0.810206760688651	1.5878682711933	0.11419639875898	2.84645570070729	4.13295730911109	0.371828267879851	1	"other"
"g__CAG.349"	"human"	3.12631118563265	0.41961924849866	7.45035218669821	4.66759109897863e-12	0.061045945734232	1.63039085854726	3.13936303004017	2.89390648136675e-09	"Human_AFR"
"g__CAG.349"	"hdi_diff"	-2.30301261187903	0.460162688354431	-5.00477911434919	1.40118705700495e-06	3.18735713136688	0.884344519487863	-1.27398878160682	0.000868735975343069	"Human_AFR"
"g__CAG.390"	"human"	3.08838724456915	0.45014474068947	6.86087599255027	1.25563192912889e-10	0.0631517932960766	2.09402039329013	3.35906862394766	7.78491796059914e-08	"Human"
"g__CAG.390"	"hdi_diff"	-1.56424632843401	0.493637541093247	-3.16881557462123	0.00181886374552163	3.15153903786524	1.58729270943123	-0.682748806838171	1	"Human"
"g__CAG.448"	"human"	3.46800022129839	0.538754604882149	6.43706836075583	1.2256352227855e-09	0.815433491265215	2.22092004373824	0.994260662740417	7.59893838127007e-07	"Human_AFR"
"g__CAG.448"	"hdi_diff"	-3.05080146847086	0.590808854057348	-5.16377073146356	6.78213003544017e-07	4.2834337125636	1.23263224409275	-1.23985490478785	0.00042049206219729	"Human_AFR"
"g__CAG.475"	"human"	-0.110399020026856	0.671922444060614	-0.164303218329312	0.869689959410674	1.93421510933802	1.18564618078151	-0.48617157657479	1	"other"
"g__CAG.475"	"hdi_diff"	-0.943959656366787	0.736843315293242	-1.28108600129068	0.201929022682235	1.82381608931116	0.87985643294438	-0.723094230916227	1	"other"
"g__CAG.488"	"human"	-1.31781405838342	0.630842436854413	-2.08897496648207	0.0382172095079976	5.57373797668656	1.87660331326346	-1.08508041697245	1	"Human_AFR"
"g__CAG.488"	"hdi_diff"	-3.51941172828787	0.69179417462284	-5.08736826268683	9.62989965829526e-07	4.25592391830314	0.736512190015285	-1.74300211803369	0.000597053778814306	"Human_AFR"
"g__CAG.510"	"human"	-0.0645630989213501	0.60028599614853	-0.107553898201175	0.914477905658894	3.50084778862693	1.11316264596096	-1.13970904659894	1	"Human_AFR"
"g__CAG.510"	"hdi_diff"	-3.43628468970558	0.658285383136106	-5.22005315283615	5.22691072186346e-07	3.43628468970556	0	-5.84246693522165	0.000324068464755534	"Human_AFR"
"g__CAG.568"	"human"	4.32192222839892	0.446676760271684	9.67572663903575	7.06292257456566e-18	0.10338485080836	1.65379881010448	2.68607091506772	4.37901199623071e-15	"Human_AFR"
"g__CAG.568"	"hdi_diff"	-4.09952264804788	0.489834485828459	-8.36919973307788	2.16373182364522e-14	4.42530707920726	0.325784431159399	-2.58088275216702	1.34151373066004e-11	"Human_AFR"
"g__CAG.632"	"human"	0.958236451566096	0.5265542222333	1.81982483684564	0.0705656711916332	1.10028096686197	0.931127314389449	-0.165289958234619	1	"other"
"g__CAG.632"	"hdi_diff"	-1.66759786222379	0.577429675435933	-2.88796702553403	0.00438801402698265	2.05851741842807	0.390919556204279	-1.64082660745487	1	"other"
"g__CAG.724"	"human"	1.68228644098585	0.352255841475264	4.77575172051187	3.87851483458422e-06	0.317232348828604	0.784652816149374	0.887234844568205	0.00240467919744222	"Human_AFR"
"g__CAG.724"	"hdi_diff"	-1.79698925271292	0.386290656545817	-4.65190970131525	6.63449829808017e-06	1.99951878981445	0.202529537101526	-2.24656958750797	0.0041133889448097	"Human_AFR"
"g__CAG.791"	"human"	-4.89238449354393	0.387809254208267	-12.6154402981744	4.2634913263132e-26	8.19719857147739	1.07057357454182	-2.02751965603633	2.64336462231418e-23	"Pan"
"g__CAG.791"	"hdi_diff"	-3.30481407793346	0.42527922544948	-7.7709276168865	7.382351839731e-13	3.30481407793345	0	-5.80357172296514	4.57705814063322e-10	"Pan"
"g__CAG.83"	"human"	1.28660063364866	0.571676110466194	2.25057617432965	0.0257095699610696	7.22521719067475	7.96503293432764	0.0973553992821216	1	"other"
"g__CAG.83"	"hdi_diff"	-0.808785983118756	0.626911222021715	-1.29011246681869	0.198784555201092	8.51181782432342	7.70303184120466	-0.0997183325507114	1	"other"
"g__CAG.873"	"human"	2.46513477229644	0.381218581284422	6.46646017093599	1.04920056611022e-09	0.0666339477065152	1.05054289047288	2.62749605670219	6.50504350988337e-07	"Human_AFR"
"g__CAG.873"	"hdi_diff"	-2.19097987284657	0.418051764408185	-5.24092961537486	4.74329815874558e-07	2.53176872000295	0.340788847156383	-1.98043099673978	0.000294084485842226	"Human_AFR"
"g__CAG.95"	"human"	0.304426053292399	0.605531162743804	0.502742174181381	0.615803959629511	5.48731221714493	4.97535599215763	-0.0977544714662253	1	"other"
"g__CAG.95"	"hdi_diff"	-1.20756545328871	0.664037335578668	-1.81852041833822	0.0707655821377633	5.79173827043732	4.58417281714861	-0.233368852878609	1	"other"
"g__Catenibacterium"	"human"	2.77747963292339	0.370926097840483	7.4879595938214	3.76654076773111e-12	0	1.44980996550835	4.98347645262599	2.33525527599329e-09	"Human_AFR"
"g__Catenibacterium"	"hdi_diff"	-1.96384471638473	0.406764825431121	-4.82796100745265	3.08399595650697e-06	2.77747963292338	0.813634916538647	-1.21916573989191	0.00191207749303432	"Human_AFR"
"g__Collinsella"	"human"	-3.57020295347729	0.568421567575046	-6.28090691334638	2.78025008358281e-09	7.1678142049078	2.66422876165444	-0.987333883049152	1.72375505182134e-06	"Pan"
"g__Collinsella"	"hdi_diff"	-1.3806282661271	0.623342226529935	-2.21488005683952	0.0281134234679614	3.5976112514305	2.21698298530341	-0.482398102058773	1	"Pan"
"g__Coprococcus"	"human"	5.25195286402276	0.522385459786926	10.0537883771975	6.5046338526302e-19	0.31073927667359	5.7052341072439	2.88026196813896	4.03287298863073e-16	"Human"
"g__Coprococcus"	"hdi_diff"	0.210843325518277	0.572858128870094	0.368055046952279	0.713295506596195	5.56269214069634	5.77353546621461	0.0371369022001593	1	"Human"
"g__Copromonas"	"human"	-0.249400608198631	0.610212285413668	-0.408711220931188	0.683272107597066	3.70481528384388	5.57429079591873	0.407628485514519	1	"Human_EUR"
"g__Copromonas"	"hdi_diff"	3.13417092790452	0.669170746402858	4.68366398972508	5.78672723516375e-06	3.45541467564525	6.58958560354977	0.644174558728009	0.00358777088580152	"Human_EUR"
"g__Cryptobacteroides"	"human"	-0.148598065984997	0.642690132001633	-0.231212614891401	0.817430984198627	8.31651733745516	3.54662949647896	-0.850631956274505	1	"Human_AFR"
"g__Cryptobacteroides"	"hdi_diff"	-6.83565779217447	0.704786589220727	-9.69890445806093	6.10624560339885e-18	8.16791927147014	1.33226147929569	-1.80708188790437	3.78587227410729e-15	"Human_AFR"
"g__Desulfovibrio"	"human"	-2.66727486739989	0.631095890348117	-4.22641774125419	3.88793287098871e-05	6.36892608548409	2.40321563905641	-0.972039609835686	0.02410518380013	"Pan"
"g__Desulfovibrio"	"hdi_diff"	-1.92060262731194	0.692072116689256	-2.77514811100864	0.00614308515098194	3.7016512180842	1.78104859077226	-0.728675596627298	1	"Pan"
"g__Dialister"	"human"	-1.52201620794434	0.801774932714153	-1.89830854750228	0.0593700903956944	7.23259069050716	5.05233294946923	-0.358151538319705	1	"other"
"g__Dialister"	"hdi_diff"	-0.973648934367604	0.87924209819492	-1.10737297084216	0.269715692375326	5.71057448256282	4.73692554819522	-0.18657207888667	1	"other"
"g__Duodenibacillus"	"human"	-0.42144975152095	0.736524798067205	-0.57221393309081	0.56794195791683	4.7807975974853	2.15084185102417	-0.7961990189966	1	"Human_AFR"
"g__Duodenibacillus"	"hdi_diff"	-3.26674845084901	0.807687522273878	-4.04456966433275	7.97471920196346e-05	4.35934784596434	1.09259939511534	-1.37694328506301	0.0494432590521735	"Human_AFR"
"g__Dysosmobacter"	"human"	2.80458352869177	0.527004889422461	5.3217410027548	3.24956659705811e-07	4.36641796387045	7.51774008461817	0.542364301875564	0.000201473129017603	"Human"
"g__Dysosmobacter"	"hdi_diff"	0.512884167416088	0.577923885904256	0.887459715587974	0.376100182263893	7.17100149256222	7.68388565997831	0.0689870863093065	1	"Human"
"g__ER4"	"human"	1.53903622919577	0.661423173285054	2.32685562187355	0.0211662850692788	6.62435522898247	7.27834069674982	0.0940144206804755	1	"other"
"g__ER4"	"hdi_diff"	-1.30913758461288	0.725329609277304	-1.80488645144001	0.0728832575149691	8.16339145817824	6.85425387356536	-0.17455658615351	1	"other"
"g__Escherichia"	"human"	5.00889620993834	0.698870734534045	7.16712828628874	2.30865327476557e-11	0.989460203368459	4.17180641660023	1.43128325263928	1.43136503035465e-08	"Human"
"g__Escherichia"	"hdi_diff"	-2.70177187012847	0.766395338550464	-3.52529789030099	0.000545266349826793	5.9983564133068	3.29658454317834	-0.597235439234691	0.338065136892612	"Human"
"g__Eubacterium_R"	"human"	0.614228448947741	0.696912676466401	0.881356401869601	0.379384136918754	6.26400957508868	5.54873532026968	-0.121045013914776	1	"other"
"g__Eubacterium_R"	"hdi_diff"	-1.96655608265496	0.764248093714616	-2.57319069400166	0.0109407093451682	6.87823802403641	4.91168194138146	-0.336164992775064	1	"other"
"g__Faecalibacterium"	"human"	4.51922013403875	0.612129743876141	7.38278147606755	6.85334634974955e-12	3.88796958036932	9.07760211378574	0.846455282379099	4.24907473684472e-09	"Human"
"g__Faecalibacterium"	"hdi_diff"	0.991651674079473	0.671273468916319	1.47726927995585	0.141475627558897	8.40718971440807	9.39884138848754	0.111373811048983	1	"Human"
"g__Faecousia"	"human"	2.72859658739739	0.671776654152373	4.06176155502195	7.45839561650588e-05	3.74266988748748	6.42668699986197	0.539546410082285	0.0462420528223365	"Human"
"g__Faecousia"	"hdi_diff"	-0.0659404734713546	0.736683439223804	-0.089509916960848	0.92878329306381	6.47126647488486	6.40532600141351	-0.0102261195315219	1	"Human"
"g__Fimenecus"	"human"	-0.792270129985731	0.794887286330586	-0.9967075126375	0.320339920353521	5.31100049662523	3.04319288900776	-0.555473457037119	1	"other"
"g__Fimenecus"	"hdi_diff"	-2.18256585233028	0.871688970239907	-2.5038355730595	0.0132395528145321	4.51873036663949	2.33616451430922	-0.657659754722208	1	"other"
"g__Fimimonas"	"human"	1.81062773969356	0.375060449964233	4.82756243657851	3.08941748310715e-06	0.312387855813391	0.914608558274485	1.05361512585219	0.00191543883952643	"Human_AFR"
"g__Fimimonas"	"hdi_diff"	-1.78743540923969	0.411298636963063	-4.3458335345765	2.39600673315056e-05	2.12301559550695	0.335580186267264	-1.82006732609713	0.0148552417455335	"Human_AFR"
"g__Gemmiger"	"human"	1.93035131380154	0.587865559992222	3.28366117216849	0.00124681632766903	4.88106875482217	7.79636372077413	0.46752842382454	0.773026123154797	"other"
"g__Gemmiger"	"hdi_diff"	1.45689581880583	0.644664889527506	2.25992735523977	0.0251102859612244	6.81142006862372	8.26831588742954	0.193571881085406	1	"other"
"g__HGM10836"	"human"	2.68359718916363	0.291428725301331	9.20841686552637	1.30121970313307e-16	0.045510473507232	0.977329636513898	2.8784322471155	8.06756215942503e-14	"Human_AFR"
"g__HGM10836"	"hdi_diff"	-2.59117166369049	0.319586449330371	-8.10788964650962	1.02454079885483e-13	2.72910766267084	0.137935998980361	-2.91860773486848	6.35215295289992e-11	"Human_AFR"
"g__Holdemanella"	"human"	-2.91262142280584	0.651966657897311	-4.46743922794989	1.44919330502348e-05	5.47878306530714	3.08469648015934	-0.573016733544182	0.00898499849114556	"Pan"
"g__Holdemanella"	"hdi_diff"	0.766999447369181	0.714959409247496	1.0727874022617	0.284905078573699	2.5661616425013	3.33316108987048	0.260616237803555	1	"Pan"
"g__Lachnospira"	"human"	0.806888456237003	0.652547802724419	1.23652007235057	0.217991182275753	3.92777790541245	6.96473740223465	0.571678097760042	1	"Human_EUR"
"g__Lachnospira"	"hdi_diff"	3.29864674753228	0.715596704049681	4.60964497022511	7.95058346404681e-06	4.73466636164946	8.03331310918172	0.527819960643743	0.00492936174770902	"Human_EUR"
"g__Limisoma"	"human"	0.897170171533529	0.736562030106311	1.2180510735858	0.22491245558031	4.91180862412886	2.77948686688633	-0.56781840924432	1	"Human_AFR"
"g__Limisoma"	"hdi_diff"	-4.48112347798124	0.807728351657347	-5.54781006360195	1.105924554958e-07	5.80897879566238	1.32785531768114	-1.47005695909828	6.85673224073962e-05	"Human_AFR"
"g__Limivicinus"	"human"	-1.12786600469561	0.686820878385356	-1.64215451246489	0.102428519591572	5.73486805986762	3.14084867427015	-0.600635108002906	1	"other"
"g__Limivicinus"	"hdi_diff"	-2.16868520925067	0.753181230237978	-2.87936703967708	0.00450359353336026	4.607002055172	2.43831684592134	-0.634344801858127	1	"other"
"g__Mediterraneibacter"	"human"	3.52420070915868	0.348558374460608	10.1107905228568	4.53143443155645e-19	0	5.73132879438472	6.35286086680777	2.809489347565e-16	"Human_EUR"
"g__Mediterraneibacter"	"hdi_diff"	3.26471029273018	0.382235941783199	8.54108663225053	7.69988517067856e-15	3.52420070915868	6.78891100188886	0.654275286528277	4.77392880582071e-12	"Human_EUR"
"g__Megasphaera"	"human"	1.54130066021864	0.433205775478697	3.55789499462578	0.000486075191831462	0.306070008397303	0.959365421226058	1.12067791788002	0.301366618935506	"other"
"g__Megasphaera"	"hdi_diff"	-1.3135077617642	0.475061940004356	-2.76491895299412	0.00633023429363926	1.84737066861593	0.533862906851742	-1.22821994194905	1	"other"
"g__Merdousia"	"human"	1.53735556731003	0.42611529712827	3.60783942203149	0.000406985253244864	0.345328383582034	1.24559747463621	1.26232442760633	0.252330857011816	"other"
"g__Merdousia"	"hdi_diff"	-0.942357079461777	0.467286382540952	-2.01665855173768	0.0453238465357194	1.88268395089206	0.940326871430286	-0.688945179926891	1	"other"
"g__Parabacteroides"	"human"	-0.0138774252864216	0.631001870874636	-0.0219926848508166	0.982479890035193	5.79086914668456	6.62545875303075	0.134420047567965	1	"other"
"g__Parabacteroides"	"hdi_diff"	1.25502415095657	0.691969013092771	1.81369993050298	0.0715084241499205	5.77699172139814	7.03201587235471	0.19628188264671	1	"other"
"g__Parolsenella"	"human"	-4.34428463586048	0.403813075878309	-10.7581574133316	7.2550841681831e-21	6.65066496082764	0.962738650786709	-1.92385915786481	4.49815218427352e-18	"Pan"
"g__Parolsenella"	"hdi_diff"	-1.98746997639191	0.442829329811899	-4.48811730071297	1.32914287606943e-05	2.30638032496716	0.318910348575246	-1.95197582461831	0.00824068583163045	"Pan"
"g__Phascolarctobacterium_A"	"human"	1.29205927564977	0.773095281299159	1.67128076823663	0.0965279305184725	5.57077532521597	3.66588980246632	-0.417532487434462	1	"Human_AFR"
"g__Phascolarctobacterium_A"	"hdi_diff"	-4.72881418096581	0.847791430611368	-5.5778037029175	9.5650639244515e-08	6.86283460086573	2.13402041989993	-1.16489385942301	5.93033963315993e-05	"Human_AFR"
"g__Phil1"	"human"	2.12938901826239	0.610872759529706	3.48581432883297	0.000626034802516873	1.03861298446239	2.23077535909781	0.759353624683338	0.388141577560461	"other"
"g__Phil1"	"hdi_diff"	-1.38631441036488	0.669895035257366	-2.06945019354006	0.0400348391231583	3.16800200272477	1.78168759235989	-0.573094733564237	1	"other"
"g__Phocaeicola"	"human"	2.79320560441469	0.681009642477068	4.10156542608536	6.38259388417286e-05	3.2147290366805	7.74757566189819	0.87782094359571	0.0395720820818717	"Human"
"g__Phocaeicola"	"hdi_diff"	2.57321900993777	0.746808515097319	3.44562087592486	0.000719695920173224	6.0079346410952	8.58115365103295	0.35598891103236	0.446211470507399	"Human"
"g__Prevotella"	"human"	0.509666562957094	0.56495941772939	0.90212951047967	0.368279635632276	10.5416400278895	7.84135704218914	-0.295594912250854	1	"Human_AFR"
"g__Prevotella"	"hdi_diff"	-4.74805037405574	0.619545565184768	-7.66376299157226	1.37286562999666e-12	11.0513065908465	6.3032562167908	-0.56080154157542	8.51176690597926e-10	"Human_AFR"
"g__Roseburia"	"human"	1.34796262842698	0.600560431300987	2.24450789324715	0.0261051090468666	4.40962136314644	7.18507659194704	0.487342957471875	1	"other"
"g__Roseburia"	"hdi_diff"	2.11149947138597	0.658586334100546	3.20610884565305	0.00161073950279963	5.75758399157343	7.86908346295939	0.311958311429861	0.998658491735769	"other"
"g__RUG115"	"human"	3.35579882385823	0.528110505088987	6.35434968916736	1.89411282514785e-09	0.190430745604092	4.19787649455737	3.04424462521312	1.17434995159167e-06	"Human"
"g__RUG115"	"hdi_diff"	0.96389441003642	0.579136325703469	1.66436530961098	0.0979034675433066	3.54622956946233	4.51012397949874	0.239838548651266	1	"Human"
"g__Ruminiclostridium_E"	"human"	1.2586442948796	0.569503070108843	2.21007464391553	0.0284515138517968	0.62056106583063	3.55929099464614	1.73351225037301	1	"other"
"g__Ruminiclostridium_E"	"hdi_diff"	2.48512666686352	0.624528223395414	3.97920634131228	0.000102664011363568	1.87920536071024	4.36433202757376	0.839597532149672	0.063651687045412	"other"
"g__Ruminococcus_C"	"human"	2.31410860105245	0.703704359228438	3.28846705396242	0.00122700033748068	2.48011852193087	3.96107927032329	0.466707605744585	0.760740209238024	"other"
"g__Ruminococcus_C"	"hdi_diff"	-1.23236453205964	0.771695986082307	-1.59695599599529	0.112154775675494	4.79422712298333	3.56186259092369	-0.296408987102225	1	"other"
"g__Ruminococcus_E"	"human"	2.86656590970781	0.764336867510848	3.75039597271177	0.00024270228739095	1.67980154832958	5.86016552370915	1.24527173667334	0.150475418182389	"other"
"g__Ruminococcus_E"	"hdi_diff"	1.9433263054728	0.838186782471489	2.31848836812086	0.0216275680525386	4.5463674580374	6.4896937635102	0.35522936650124	1	"other"
"g__SFEL01"	"human"	1.28722736937779	0.663753032241492	1.93931674410711	0.0541380645034697	1.58727172168664	2.64879067815425	0.509574387308175	1	"other"
"g__SFEL01"	"hdi_diff"	-0.333860360762967	0.72788457825148	-0.4586721174461	0.647062460708078	2.87449909106443	2.54063873030146	-0.123007449328489	1	"other"
"g__Sodaliphilus"	"human"	-1.69330304864402	0.578870851361734	-2.92518278414037	0.00391847035821123	6.50538679812875	1.94222388145967	-1.20519740442542	1	"Human_AFR"
"g__Sodaliphilus"	"hdi_diff"	-4.24500105478707	0.634801115834619	-6.68713546479177	3.2258096269144e-10	4.81208374948471	0.567082694697666	-2.12297585218949	2.00000196868693e-07	"Human_AFR"
"g__Stercorousia"	"human"	1.51336521027397	0.369157850705541	4.09950704659701	6.43438787925909e-05	0	0.98351539784892	4.59866446746748	0.0398932048514064	"other"
"g__Stercorousia"	"hdi_diff"	-0.783736180878721	0.404825730982519	-1.93598410599193	0.0545482521660886	1.51336521027397	0.729629029395251	-0.722528371911308	1	"other"
"g__Succinivibrio"	"human"	2.87024251303165	0.681582187532006	4.21114660203305	4.13332850816405e-05	3.89379555877803	2.34546915564106	-0.505209375603293	0.0256266367506171	"Human_AFR"
"g__Succinivibrio"	"hdi_diff"	-6.53579985516608	0.747436379220871	-8.7442891955286	2.24757017366522e-15	6.76403807180965	0.228238216643605	-3.34758157028475	1.39349350767244e-12	"Human_AFR"
"g__Sutterella"	"human"	3.62463748987791	0.536347151147143	6.75800641827874	2.19867802943663e-10	0.0796045569197547	3.84852281292436	3.76263352109473	1.36318037825071e-07	"Human"
"g__Sutterella"	"hdi_diff"	0.213415299895751	0.588168793128893	0.362847030289455	0.717175256353338	3.70424204679766	3.9176573466934	0.055868520891302	1	"Human"
"g__Treponema_D"	"human"	-3.67502477908099	0.588045356058499	-6.24956007426645	3.27255069138435e-09	6.17507972597792	0.809876954628581	-2.02074090129034	2.0289814286583e-06	"Pan"
"g__Treponema_D"	"hdi_diff"	-2.50005494689693	0.644862057416037	-3.87688330883454	0.000151538376937584	2.50005494689692	0	-5.52547483008617	0.0939537937013024	"Pan"
"g__UBA10281"	"human"	4.22331040546963	0.572093246420195	7.38220636565191	6.87573833418425e-12	1.72303583956862	2.33239811489658	0.301300548839312	4.26295776719424e-09	"Human_AFR"
"g__UBA10281"	"hdi_diff"	-5.34563160916787	0.627368661480674	-8.52071825926317	8.70633305315086e-15	5.94634624503823	0.600714635870373	-2.27758272026487	5.39792649295354e-12	"Human_AFR"
"g__UBA10677"	"human"	2.63161062161566	0.42515421129017	6.18977903013072	4.4600923443771e-09	0.434585671633554	1.23722679660497	1.03153502945814	2.7652572535138e-06	"Human_AFR"
"g__UBA10677"	"hdi_diff"	-2.70535071378628	0.466232436982969	-5.80257935568112	3.17342908931529e-08	3.06619629324921	0.360845579462939	-2.11566339494193	1.96752603537548e-05	"Human_AFR"
"g__UBA1259"	"human"	1.10278594566587	0.455877861926893	2.41903816299533	0.0166291827369546	0.980072150047201	0.674728678892964	-0.368755148717836	1	"Human_AFR"
"g__UBA1259"	"hdi_diff"	-2.08285809571307	0.499924594155549	-4.16634452488049	4.94177130113998e-05	2.08285809571306	0	-5.34370082768527	0.0306389820670679	"Human_AFR"
"g__UBA1436"	"human"	2.05860288254357	0.429470827058833	4.79334742394868	3.59085126257719e-06	0.333635026456946	0.88137724089022	0.953187603770709	0.00222632778279786	"Human_AFR"
"g__UBA1436"	"hdi_diff"	-2.23481473824648	0.470966122398517	-4.74517089863089	4.43230908882264e-06	2.3922379090005	0.157423170754042	-2.66363147997397	0.00274803163507003	"Human_AFR"
"g__UBA1740"	"human"	1.80997933722169	0.444703344674298	4.07008258178792	7.22009839257812e-05	0.697111345200587	0.873548093512458	0.222757582321328	0.0447646100339843	"Human_AFR"
"g__UBA1740"	"hdi_diff"	-2.41628174609577	0.487670399624638	-4.95474350699897	1.75508086368556e-06	2.50709068242227	0.0908089363265057	-3.21763201672445	0.00108815013548505	"Human_AFR"
"g__UBA1829"	"human"	1.81725027095732	0.332712005385011	5.46193176544506	1.67115970707175e-07	0.163532858694524	0.773201685982442	1.50702327515468	0.000103611901838449	"Human_AFR"
"g__UBA1829"	"hdi_diff"	-1.78621421876099	0.364858503020386	-4.89563544216261	2.28545353368162e-06	1.98078312965184	0.194568910890854	-2.27537848150154	0.0014169811908826	"Human_AFR"
"g__UBA4372"	"human"	1.84049332057377	0.596153239600758	3.08728225951828	0.00236355572979472	2.31382301501762	1.34576444674087	-0.538848218176117	1	"Human_AFR"
"g__UBA4372"	"hdi_diff"	-4.15431633559139	0.653753321344037	-6.35456249315969	1.89200065260041e-09	4.15431633559138	0	-6.0317223030175	1.17304040461225e-06	"Human_AFR"
"g__UBA5905"	"human"	2.98445628148115	0.476012327593711	6.26970376285815	2.94721378485699e-09	0.942098331979727	1.43358968885538	0.416219810730674	1.82727254661133e-06	"Human_AFR"
"g__UBA5905"	"hdi_diff"	-3.68751061764563	0.522004443645229	-7.06413645043946	4.0975872071032e-11	3.92655461346086	0.239043995815248	-2.7604315852591	2.54050406840398e-08	"Human_AFR"
"g__UBA6398"	"human"	-3.03404855974964	0.535840460611614	-5.66222370794199	6.3403619043461e-08	6.62375929449635	1.68213540612496	-1.36618037100869	3.93102438069459e-05	"Pan"
"g__UBA6398"	"hdi_diff"	-2.821621840253	0.587613146361431	-4.80183579575239	3.45956736476324e-06	3.58971073474671	0.76808889449371	-1.53176799183073	0.00214493176615321	"Pan"
"g__UBA6984"	"human"	0.319282000475896	0.533966993240146	0.597943327055615	0.550682945860133	1.75117545281762	0.670711569376771	-0.950598059422113	1	"other"
"g__UBA6984"	"hdi_diff"	-2.07045745329351	0.585558665340164	-3.5358668154808	0.000525370170181549	2.07045745329351	0	-5.33775798498841	0.32572950551256	"other"
"g__UBA737"	"human"	2.44311069914779	0.636300864439358	3.83955269540676	0.000174345793382935	1.60330341700272	3.27022581405565	0.709628377066593	0.10809439189742	"other"
"g__UBA737"	"hdi_diff"	-1.14811186351531	0.697779993244514	-1.64537801976359	0.101761556881765	4.0464141161505	2.8983022526352	-0.332729868129419	1	"other"
"g__UBA738"	"human"	0.936252021016615	0.724831449667952	1.29168239243139	0.198241361405028	3.6361052658006	3.47588052232256	-0.0449388744882469	1	"other"
"g__UBA738"	"hdi_diff"	-1.62187188081502	0.794864367343504	-2.04043852945055	0.0428720373157924	4.57235728681722	2.9504854060022	-0.436860313757112	1	"other"
"g__UBA7597"	"human"	2.28701850921224	0.408297034828773	5.60135958413548	8.53158939719673e-08	0.281818344402989	1.17724440375234	1.40325877332643	5.28958542626197e-05	"Human_AFR"
"g__UBA7597"	"hdi_diff"	-2.05839716542221	0.447746527038906	-4.597237591177	8.38253308684384e-06	2.56883685361523	0.510439688193032	-1.60041973581505	0.00519717051384318	"Human_AFR"
"g__UBA940"	"human"	1.8889391663954	0.277084636105304	6.81719200655183	1.59374054255182e-10	0.0411529587583498	0.692615006792592	2.61998876308283	9.88119136382128e-08	"Human_AFR"
"g__UBA940"	"hdi_diff"	-1.83043490424255	0.30385644011355	-6.02401220641735	1.04280954399145e-08	1.93009212515375	0.099657220911206	-2.87313141124357	6.465419172747e-06	"Human_AFR"
"g__UMGS1668"	"human"	2.4662006713823	0.511094341391895	4.82533354735634	3.11990619441994e-06	1.32776359506327	1.22903067786265	-0.07666989827119	0.00193434184054036	"Human_AFR"
"g__UMGS1668"	"hdi_diff"	-3.79396426644557	0.560476067242141	-6.76918157293321	2.06930921804147e-10	3.79396426644556	0	-5.94121393694824	1.28297171518571e-07	"Human_AFR"
"g__UMGS1696"	"human"	2.17976649110016	0.471475303442072	4.62328880258725	7.50037725831452e-06	0.526799099306016	1.92051732675066	1.27991938316867	0.004650233900155	"Human"
"g__UMGS1696"	"hdi_diff"	-1.16269638999044	0.517029054079052	-2.24880281063019	0.0258246158713549	2.70656559040617	1.54386920041573	-0.558620353120696	1	"Human"
"g__UMGS1766"	"human"	-3.07601497636524	0.624430115687485	-4.92611566784957	1.99505350576067e-06	4.49330750676846	1.29706160514918	-1.23703055999411	0.00123693317357162	"Pan"
"g__UMGS1766"	"hdi_diff"	-0.177841576938267	0.684762297612138	-0.259712863220457	0.795403266662233	1.41729253040322	1.23945095346496	-0.133075096671195	1	"Pan"
"g__Ventricola"	"human"	2.41601129104912	0.414100542795322	5.83435915041359	2.70919240796754e-08	0.0483750165575246	4.06086270401956	4.24472222293477	1.67969929293988e-05	"Human_EUR"
"g__Ventricola"	"hdi_diff"	2.36145466969412	0.454110767567262	5.20017325804622	5.73183705985844e-07	2.46438630760664	4.82584097730075	0.670062640354384	0.000355373897711223	"Human_EUR"
"g__Victivallis"	"human"	2.31960162357875	0.334849131672893	6.92730368446864	8.72428292443062e-11	0.0500259077867457	1.12907876473717	2.94319884812048	5.40905541314698e-08	"Human_AFR"
"g__Victivallis"	"hdi_diff"	-1.83497838397105	0.36720211757454	-4.99718900340643	1.45002210906741e-06	2.36962753136549	0.534649147394441	-1.4745574338839	0.000899013707621792	"Human_AFR"
"g__Zag111"	"human"	0.607687543606849	0.542627997904428	1.11989714123428	0.264356082397685	1.27472537736225	0.814139271877475	-0.44396072547812	1	"other"
"g__Zag111"	"hdi_diff"	-1.58015477261469	0.595056492726361	-2.65547018128467	0.00868204082382052	1.88241292096909	0.302258148354409	-1.80177772727922	1	"other"
"g__Agathobaculum"	"human"	-1.48011300773555	0.590906877480042	-2.50481601102289	0.0132042597798146	4.69267817669526	5.59776585579768	0.176020225785143	1	"Human_EUR"
"g__Agathobaculum"	"hdi_diff"	3.52810934928116	0.648000057864854	5.4446127071442	1.81534381074495e-07	3.21256516895973	6.74067451824087	0.739464749787263	0.000112551316266187	"Human_EUR"
"g__Akkermansia"	"human"	0.605194120886995	0.493402978254814	1.22657168188889	0.221699913700244	0.0414090337528548	3.72133645375329	4.28470783609283	1	"Human_EUR"
"g__Akkermansia"	"hdi_diff"	4.54804300493864	0.541075371847588	8.40556277660286	1.7400603639873e-14	0.646603154639872	5.19464615957847	2.07022718830575	1.07883742567212e-11	"Human_EUR"
"g__Alistipes_A"	"human"	1.14875900671117	0.495216885866913	2.31970887806094	0.0215597365802408	0.299148733845592	3.17333189457951	2.33186119244475	1	"Human_EUR"
"g__Alistipes_A"	"hdi_diff"	2.55218989449198	0.543064538469941	4.6996069779895	5.4015281230552e-06	1.44790774055676	4.00009763504874	1.01181323541198	0.00334894743629423	"Human_EUR"
"g__Anaerobutyricum"	"human"	-2.20217341932843	0.68190057724801	-3.22946407849644	0.00149189917635939	2.59859822070832	3.32774659543529	0.246482910402665	0.924977489342821	"Human_EUR"
"g__Anaerobutyricum"	"hdi_diff"	4.33591348704028	0.747785531620779	5.79833829847237	3.24099238942941e-08	0.396424801379894	4.73233828842016	2.45688668142548	2.00941528144623e-05	"Human_EUR"
"g__Anaerostipes"	"human"	-1.56688766184461	0.618116880924642	-2.53493750162703	0.0121600701523641	2.04347725700117	4.18073226565236	0.713340904620255	1	"Human_EUR"
"g__Anaerostipes"	"hdi_diff"	5.47904436677502	0.677839080693285	8.08310485900447	1.18613393002773e-13	0.476589595156574	5.95563396193158	2.50634956179855	7.35403036617194e-11	"Human_EUR"
"g__Anaerotignum"	"human"	-0.709291108284225	0.712466559605986	-0.995543017031541	0.320903972126064	2.91578987716298	4.05986234252317	0.330044688703464	1	"other"
"g__Anaerotignum"	"hdi_diff"	2.74143361934903	0.781304786670122	3.5087889721409	0.000577767220008513	2.20649876887876	4.94793238822778	0.805059976847558	0.358215676405278	"other"
"g__Bariatricus"	"human"	1.33983075113615	0.429678244932989	3.11821872979653	0.00214121774465465	0.420949473701705	4.25908135841784	2.29316309169197	1	"Human_EUR"
"g__Bariatricus"	"hdi_diff"	3.69540376008706	0.471193580902686	7.84264453052949	4.86366138039113e-13	1.76078022483787	5.45618398492491	1.1271604923703	3.0154700558425e-10	"Human_EUR"
"g__Barnesiella"	"human"	0.646866009678206	0.458720160509406	1.41015387019368	0.160342989934966	0	3.16323085780991	5.75992045289487	1	"Human_EUR"
"g__Barnesiella"	"hdi_diff"	3.72212300452813	0.503041514462505	7.39923624097941	6.24234359909472e-12	0.646866009678231	4.36898901420633	1.89709310301902	3.87025303143872e-09	"Human_EUR"
"g__Bilophila"	"human"	1.58944591594984	0.441605979643129	3.5992400221444	0.000419676697626683	0.237064730299387	3.64119297815105	2.69315886821984	0.260199552528543	"Human_EUR"
"g__Bilophila"	"hdi_diff"	2.68421761593813	0.484273768453267	5.5427689682869	1.13318081830274e-07	1.82651064624922	4.51072826218734	0.900805717525909	7.02572107347696e-05	"Human_EUR"
"g__Blautia"	"human"	-0.131779204266881	0.358640484978722	-0.367440960478011	0.713752588170232	0.131779204266874	1.08234256327374	2.04180886178073	1	"Human_EUR"
"g__Blautia"	"hdi_diff"	1.60096504150909	0.393292181688544	4.07067599115643	7.20338484131005e-05	0	1.60096504150908	5.08200359007727	0.0446609860161223	"Human_EUR"
"g__Butyribacter"	"human"	2.50137438285895	0.469686508713842	5.32562536170892	3.19072140238494e-07	0.122112945850619	4.170128833752	3.45444013940586	0.000197824726947866	"Human_EUR"
"g__Butyribacter"	"hdi_diff"	2.28774055954193	0.515067426737118	4.4416331547783	1.61369756625131e-05	2.62348732870958	4.9112278882515	0.62524912179761	0.0100049249107581	"Human_EUR"
"g__CAG.115"	"human"	2.25180709843153	0.568327061649665	3.9621676502528	0.000109597522694579	0.451680958674844	2.85687324424852	1.82610316603172	0.0679504640706391	"other"
"g__CAG.115"	"hdi_diff"	0.226882255981092	0.623238589480766	0.364037560912447	0.716287708245564	2.70348805710638	2.93037031308747	0.0803006170270265	1	"other"
"g__CAG.1427"	"human"	-6.15767753400799	0.541361079524277	-11.374437075194	1.36196565038082e-22	7.78194082649524	3.07514147874986	-0.926492455659322	8.44418703236111e-20	"Pan"
"g__CAG.1427"	"hdi_diff"	2.14609065051343	0.593667165211425	3.61497279329763	0.000396732817993841	1.62426329248726	3.77035394300069	0.838625523792111	0.245974347156181	"Pan"
"g__CAG.217"	"human"	1.39187717477882	0.743746732972333	1.87143971606608	0.0630227160098185	2.542258819201	3.16652764719856	0.218809886831399	1	"other"
"g__CAG.217"	"hdi_diff"	-1.13542067961395	0.815607237570435	-1.39211697409183	0.165727061747389	3.93413599397981	2.79871531436587	-0.339502722072406	1	"other"
"g__CAG.245"	"human"	1.11853953947108	0.610449225624084	1.8323219893146	0.0686739863185536	0.931219215792755	2.31147797847693	0.902783248598112	1	"other"
"g__CAG.245"	"hdi_diff"	0.387126351002704	0.669430579679321	0.578292003314444	0.563841381165197	2.04975875526383	2.43688510626654	0.172226963615003	1	"other"
"g__CAG.266"	"human"	-2.71924349987903e-15	0.325539283805908	-8.35304258241317e-15	0.999999999999993	0	0.715273953270122	4.28396435706651	1	"other"
"g__CAG.266"	"hdi_diff"	1.05800938921206	0.35699275602125	2.96367187111517	0.00348168297813999	0	1.05800938921206	4.67096671788451	1	"other"
"g__CAG.272"	"human"	0.558521097637628	0.421777126370799	1.32420907326921	0.187232373771397	0.486138678436402	1.11723898069704	0.820671060600529	1	"other"
"g__CAG.272"	"hdi_diff"	0.107356740171537	0.46252905950241	0.232108097785319	0.816736551690811	1.04465977607403	1.15201651624557	0.0969386441809157	1	"other"
"g__CAG.273"	"human"	0.620673955883067	0.658806535915364	0.942118698049475	0.34748464782787	1.03797181599427	2.70173603431244	0.950732340458386	1	"other"
"g__CAG.273"	"hdi_diff"	1.54290434651857	0.722460153477091	2.13562552770946	0.0341587316826496	1.65864577187735	3.20155011839592	0.654741341093209	1	"other"
"g__CAG.302"	"human"	0.061961769109702	0.758132834810132	0.0817294361419128	0.934959158838402	2.07001936764119	2.65500842023072	0.24783001213823	1	"other"
"g__CAG.302"	"hdi_diff"	0.773644523480575	0.831383318673262	0.930550933731955	0.353421138263607	2.1319811367509	2.90562566023147	0.308353265884842	1	"other"
"g__CAG.307"	"human"	-4.0666901435222	0.706377464329036	-5.75710629073509	3.97569191187037e-08	4.06669014352219	0.820191006942077	-1.59138489567177	2.46492898535963e-05	"Pan"
"g__CAG.307"	"hdi_diff"	1.21319919776849	0.774627365502451	1.56617136419079	0.119190164544243	0	1.21319919776849	4.80663990577403	1	"Pan"
"g__CAG.345"	"human"	0.471244530714893	0.303068818992733	1.55490931822383	0.121849479260243	0	0.749607093852931	4.33021622483272	1	"other"
"g__CAG.345"	"hdi_diff"	0.411744624641679	0.332351204104842	1.23888410680104	0.217116531312727	0.471244530714896	0.882989155356572	0.618198915956023	1	"other"
"g__CAG.353"	"human"	1.35492320178409	0.439376775234107	3.0837387821925	0.00239034038299913	0.284270507499236	1.20232926892785	1.41579936591853	1	"other"
"g__CAG.353"	"hdi_diff"	-0.646195318025814	0.481829179227637	-1.34112948298742	0.181688742584683	1.63919370928332	0.992998391257515	-0.497292602390544	1	"other"
"g__CAG.41"	"human"	0.0815623438635642	0.346977232728501	0.235065405364462	0.81444424144795	0.163835113518098	3.83724728064683	3.09700595303697	1	"Human_EUR"
"g__CAG.41"	"hdi_diff"	5.31294453024639	0.38050203078479	13.9629860037497	6.58812271250276e-30	0.245397457381678	5.55834198762804	3.08203163220692	4.08463608175171e-27	"Human_EUR"
"g__CAG.45"	"human"	0.183512496496461	0.409114807292843	0.448559898652368	0.654327174021011	0.231801187478752	2.95323670664515	2.50592158271257	1	"Human_EUR"
"g__CAG.45"	"hdi_diff"	3.75401113769929	0.448643312343382	8.36747374677469	2.18620859478505e-14	0.415313683975221	4.16932482167449	2.28507800993783	1.35544932876673e-11	"Human_EUR"
"g__Choladocola"	"human"	-0.122237656343446	0.640130853726116	-0.190957295109144	0.84878962439035	2.3225880697893	4.68014675752315	0.698485462844517	1	"Human_EUR"
"g__Choladocola"	"hdi_diff"	3.66803209228098	0.701980034526865	5.22526555153842	5.10185204550298e-07	2.20035041344587	5.86838250572684	0.978130578926959	0.000316314826821185	"Human_EUR"
"g__Clostridium_A"	"human"	-5.38007386629024e-15	0.335217076078347	-1.60495220864966e-14	0.999999999999987	0	1.19631554229249	4.79274089376229	1	"Human_EUR"
"g__Clostridium_A"	"hdi_diff"	1.76955007297431	0.367605612617689	4.81371886673191	3.28355385237518e-06	0	1.7695500729743	5.18153075034891	0.00203580338847261	"Human_EUR"
"g__Clostridium_Q"	"human"	-2.08394758193427	0.597255619254625	-3.48920548380112	0.000618679676411823	3.86489465492306	4.91243086033445	0.239284009182501	0.38358139937533	"Human_EUR"
"g__Clostridium_Q"	"hdi_diff"	4.63198643544877	0.654962212468373	7.07214301416272	3.91942937327293e-11	1.78094707298881	6.41293350843756	1.27713037512977	2.43004621142922e-08	"Human_EUR"
"g__COE1"	"human"	-0.642270238599663	0.678386760166847	-0.946761163855407	0.345120270142882	2.71246577412674	2.29098239054997	-0.168201846190295	1	"other"
"g__COE1"	"hdi_diff"	0.326580556388033	0.743932210972981	0.438992359210931	0.661231145484892	2.07019553552708	2.39677609191511	0.145826233998019	1	"other"
"g__Coprococcus_A"	"human"	-0.0598322397757738	0.43586188059161	-0.137273394256367	0.890979077396111	0.441341172669754	2.5719702390375	1.74408451108218	1	"Human_EUR"
"g__Coprococcus_A"	"hdi_diff"	3.24005734867063	0.47797467690497	6.77872177172853	1.96482507504017e-10	0.381508932893984	3.62156628156461	2.22741098445291	1.2181915465249e-07	"Human_EUR"
"g__Dorea"	"human"	-2.25844431207703	0.636709127678165	-3.54705816816655	0.000505047511021454	3.30312192240428	3.91264628887778	0.168875575886666	0.313129456833301	"Human_EUR"
"g__Dorea"	"hdi_diff"	4.24220367035599	0.698227702710173	6.07567367191227	8.01462899262755e-09	1.04467761032727	5.28688128068324	1.61388307215382	4.96906997542908e-06	"Human_EUR"
"g__Dorea_A"	"human"	-3.82032360936588	0.555404660672354	-6.87845075830139	1.14051911527982e-10	6.49160977518963	4.88542940371777	-0.283747808900939	7.07121851473489e-08	"Pan"
"g__Dorea_A"	"hdi_diff"	3.27508687271824	0.609067631415833	5.37721379989444	2.50107334992783e-07	2.67128616582376	5.94637303854199	0.798165153232654	0.000155066547695525	"Pan"
"g__Eisenbergiella"	"human"	3.22190873345265	0.367736190467118	8.76146764168088	2.02441695679842e-15	0	5.5126626467021	6.31403029351019	1.25513851321502e-12	"Human_EUR"
"g__Eisenbergiella"	"hdi_diff"	3.38840683001482	0.403266710514369	8.40239658188718	1.77341734795439e-14	3.22190873345265	6.61031556346746	0.717070135162115	1.09951875573172e-11	"Human_EUR"
"g__Enterocloster"	"human"	-3.74171556569368	0.554993859315521	-6.74190444252548	2.39920842532616e-10	4.75328325449451	4.71508969708333	-0.00805064554104652	1.48750922370222e-07	"Pan"
"g__Enterocloster"	"hdi_diff"	5.47812630391785	0.608617138600224	9.0009399283713	4.67815516763504e-16	1.01156768880085	6.48969399271869	1.85041670054771	2.90045620393373e-13	"Pan"
"g__Eubacterium_F"	"human"	1.16577422082819	0.394867964488675	2.95231400282821	0.00360568480008082	0	4.34405766813937	6.07627839357708	1	"Human_EUR"
"g__Eubacterium_F"	"hdi_diff"	4.70121093248111	0.433019945424955	10.8567999745773	3.84820517807378e-21	1.1657742208282	5.8669851533093	1.60911705943852	2.38588721040574e-18	"Human_EUR"
"g__Eubacterium_G"	"human"	-0.0043720497446995	0.442100372339919	-0.00988926953750212	0.992121366709023	0.481598383274647	3.40128850922558	1.93718327186311	1	"Human_EUR"
"g__Eubacterium_G"	"hdi_diff"	4.32517530154977	0.48481592916985	8.92127308802697	7.62731081045075e-16	0.477226333529965	4.80240163507972	2.29022277322883	4.72893270247947e-13	"Human_EUR"
"g__Eubacterium_I"	"human"	-2.93994125460982	0.720676026918899	-4.07942146650684	6.96130746233299e-05	3.36498670949503	3.19101683752828	-0.0529228653316394	0.0431601062664645	"Pan"
"g__Eubacterium_I"	"hdi_diff"	4.09133267015952	0.790307449351075	5.17688739175992	6.38374670198216e-07	0.425045454885226	4.51637812504474	2.34222684816799	0.000395792295522894	"Pan"
"g__Evtepia"	"human"	-3.04868083079118	0.615940511339462	-4.94963519149169	1.79574468560731e-06	4.31069439870685	3.56620962097449	-0.189112655346066	0.00111336170507653	"Pan"
"g__Evtepia"	"hdi_diff"	3.40828999514951	0.675452431170527	5.045936379625	1.16292922055605e-06	1.26201356791567	4.67030356306518	1.30276184026738	0.000721016116744752	"Pan"
"g__F23.B02"	"human"	-5.5173745527902	0.611042357147972	-9.02944695772391	3.92607689789631e-16	7.4868811211772	3.8473353248656	-0.664510468799427	2.43416767669571e-13	"Pan"
"g__F23.B02"	"hdi_diff"	2.77762170229126	0.670081019328017	4.14520277723545	5.37384524089479e-05	1.969506568387	4.74712827067825	0.876796575938947	0.0333178404935477	"Pan"
"g__Faecalibacillus"	"human"	-2.43152906237835	0.69516999736461	-3.49774741659779	0.000600510871271024	2.72694476637421	2.85104120874121	0.044343368076737	0.372316740188035	"Human_EUR"
"g__Faecalibacillus"	"hdi_diff"	3.78019605910251	0.762337037672053	4.95869395332815	1.72424762234544e-06	0.295415703995866	4.07561176309836	2.59355294195377	0.00106903352585417	"Human_EUR"
"g__Fusicatenibacter"	"human"	-1.90775532634277	0.58135785405979	-3.281550791858	0.0012556118777026	2.12801490327821	4.23639087931905	0.686191634049608	0.778479364175612	"Human_EUR"
"g__Fusicatenibacter"	"hdi_diff"	5.94052755144241	0.63752841171434	9.31805930886764	6.59321550028713e-17	0.220259576935458	6.16078712837785	3.28837441433388	4.08779361017802e-14	"Human_EUR"
"g__KLE1615"	"human"	-4.29897608904358	0.48557060505561	-8.85345209179465	1.15505943734056e-15	6.47248100534877	4.12969084659617	-0.448482197969805	7.16136851151145e-13	"Pan"
"g__KLE1615"	"hdi_diff"	2.89352502188875	0.532486237959102	5.43399024353937	1.90970641426104e-07	2.1735049163052	5.06702993819393	0.843795087263606	0.000118401797684184	"Pan"
"g__Lawsonibacter"	"human"	3.95740163126567	0.430702607653354	9.18824627700128	1.47418319176601e-16	1.16616407371343	6.61641876382413	1.72880614376641	9.13993578894925e-14	"Human_EUR"
"g__Lawsonibacter"	"hdi_diff"	2.20817848287493	0.472316917129372	4.67520514889812	6.0017378499044e-06	5.12356570497912	7.33174418785404	0.357775955239777	0.00372107746694073	"Human_EUR"
"g__Ligilactobacillus"	"human"	1.50415288067299	0.401072007476362	3.75033124385186	0.000242760076224966	0.11886148656826	1.05128849814775	2.10850093324739	0.150511247259479	"other"
"g__Ligilactobacillus"	"hdi_diff"	-0.84567784803413	0.439823420504077	-1.92276674822116	0.0562009170268845	1.62301436724124	0.777336519207113	-0.729527136506033	1	"other"
"g__Merdisoma"	"human"	-2.96542425746875	0.564027832936797	-5.25758497063573	4.38896323930684e-07	3.5671788060031	3.9831997031666	0.110018393417816	0.000272115720837024	"Pan"
"g__Merdisoma"	"hdi_diff"	5.00172095789351	0.618523971051221	8.08654343564529	1.16228917353783e-13	0.601754548534379	5.60347550642787	2.21659418897775	7.20619287593453e-11	"Pan"
"g__Methanobrevibacter_A"	"human"	-0.882423209129105	0.740291027071053	-1.19199500853117	0.234944261440145	2.17309535633623	1.97743434465745	-0.0938992250744317	1	"other"
"g__Methanobrevibacter_A"	"hdi_diff"	1.01583575039526	0.811817642780908	1.25131026583197	0.212560935523168	1.29067214720713	2.30650789760239	0.577179667987581	1	"other"
"g__Negativibacillus"	"human"	0.231142148752302	0.36675170085988	0.630241518199833	0.529392885068218	0	2.13285094297872	5.36730734475421	1	"Human_EUR"
"g__Negativibacillus"	"hdi_diff"	2.81294425812658	0.402187099924662	6.99411855490518	6.03783084318377e-11	0.23114214875231	3.04408640687888	2.53884918993921	3.74345512277394e-08	"Human_EUR"
"g__NSJ.32"	"human"	0.795339324192146	0.27268902499728	2.91665322504299	0.00402182559985658	0	3.78641690046448	5.93922788696044	1	"Human_EUR"
"g__NSJ.32"	"hdi_diff"	4.42430224823615	0.29903612686132	14.7952098452905	3.00766836390127e-32	0.795339324192165	5.2196415724283	1.87083431237471	1.86475438561879e-29	"Human_EUR"
"g__Odoribacter"	"human"	1.8060257103625	0.384161860022361	4.70121034466403	5.36418920500527e-06	0	3.87840941979722	5.96317037048805	0.00332579730710327	"Human_EUR"
"g__Odoribacter"	"hdi_diff"	3.06540090353888	0.421279421531809	7.27640788242827	1.25033851308186e-11	1.8060257103625	4.87142661390136	0.98878707828909	7.75209878110755e-09	"Human_EUR"
"g__Oliverpabstia"	"human"	-0.0437710718190821	0.414064057954988	-0.105710870040887	0.91593786925106	0.254011227746448	2.18585262933678	2.11833406011208	1	"Human_EUR"
"g__Oliverpabstia"	"hdi_diff"	2.9222601169181	0.454070757576604	6.43569326620884	1.2345683017134e-09	0.210240155927369	3.13250027284546	2.65805545846621	7.65432347062309e-07	"Human_EUR"
"g__Onthomonas"	"human"	0.364656162931536	0.428739852246583	0.850530131548887	0.396240983966534	0.247372376430454	1.74845230466668	1.92166535708097	1	"other"
"g__Onthomonas"	"hdi_diff"	1.68096015284652	0.470164521099415	3.57525946218959	0.000457066750671494	0.612028539361993	2.29298869220851	1.30897701487671	0.283381385416326	"other"
"g__Parasutterella"	"human"	-1.25519997965515e-14	0.396413696627105	-3.16638902826781e-14	0.999999999999975	0	2.00956655641943	5.30805309834649	1	"Human_EUR"
"g__Parasutterella"	"hdi_diff"	2.97248386470376	0.434715025569255	6.83777576082475	1.42451183618138e-10	0	2.97248386470375	5.69792665097303	8.83197338432455e-08	"Human_EUR"
"g__PeH17"	"human"	2.06965916096772	0.472895779115676	4.37656509609373	2.11207515351114e-05	0	3.05899558223083	5.72652052214301	0.0130948659517691	"Human"
"g__PeH17"	"hdi_diff"	1.46339345645168	0.518586775530216	2.82188733979086	0.00535031117603926	2.06965916096773	3.5330526174194	0.532784661498643	1	"Human"
"g__Phascolarctobacterium"	"human"	0.389041178166094	0.432033883390663	0.900487654146114	0.369149808355883	0	1.35453499962938	4.91598389697517	1	"other"
"g__Phascolarctobacterium"	"hdi_diff"	1.42812627758111	0.473776820182945	3.01434392047642	0.00297475541276234	0.389041178166096	1.8171674557472	1.52145759331802	1	"other"
"g__Pseudoruminococcus_A"	"human"	-2.09423350571499e-15	0.335662129086558	-6.23911166688377e-15	0.999999999999995	0	1.0003882051216	4.61550480449984	1	"other"
"g__Pseudoruminococcus_A"	"hdi_diff"	1.47974088674237	0.368093666465197	4.02001181099453	8.77172250601133e-05	0	1.47974088674237	5.00377238930765	0.0543846795372702	"other"
"g__Ruminococcus_D"	"human"	2.05492937514343	0.480251807496883	4.27885818036565	3.1471287676427e-05	0	3.86873549514967	5.96067938319331	0.0195121983593847	"Human_EUR"
"g__Ruminococcus_D"	"hdi_diff"	2.68292155250921	0.526653540359567	5.09428181319635	9.33053657806096e-07	2.05492937514343	4.73785092765265	0.832596054453652	0.000578493267839779	"Human_EUR"
"g__Streptococcus"	"human"	0.866214954560901	0.554591991347534	1.56189589477517	0.120194279191625	0.465271595927813	2.68812795164309	1.7364270387391	1	"other"
"g__Streptococcus"	"hdi_diff"	2.00669873920751	0.608176442313831	3.2995338187927	0.00118247957938338	1.33148655048872	3.33818528969622	0.914640129386362	0.733137339217698	"other"
"g__Tidjanibacter"	"human"	-0.215352077554307	0.45985096580093	-0.468308416356645	0.640171071560998	0.215352077554294	1.6642079881401	2.00543152120451	1	"Human_EUR"
"g__Tidjanibacter"	"hdi_diff"	2.46164098245725	0.504281577697962	4.88148108383139	2.43385214138969e-06	0	2.46164098245723	5.5100524814023	0.00150898832766161	"Human_EUR"
"g__UBA11524"	"human"	-1.90359649855123	0.796194986633215	-2.3908672253775	0.017914500453623	4.12034331226498	3.764945771722	-0.0899745124834866	1	"other"
"g__UBA11524"	"hdi_diff"	2.29004429205387	0.873123020009961	2.62281973968312	0.00952253070334347	2.21674681371376	4.50679110576762	0.70726011695504	1	"other"
"g__UBA11774"	"human"	-0.0895875160417346	0.42499853861421	-0.210794880222064	0.83330279622909	0.318078263132331	2.98506972647201	2.21147060420473	1	"Human_EUR"
"g__UBA11774"	"hdi_diff"	4.077439740335	0.466061723276842	8.74871189092048	2.18788408361071e-15	0.22849074709061	4.3059304874256	2.89573770715184	1.35648813183864e-12	"Human_EUR"
"g__UBA1394"	"human"	-5.91132212255685e-15	0.332214559913344	-1.77936876821377e-14	0.999999999999986	0	0.851610912774835	4.45621869847688	1	"other"
"g__UBA1394"	"hdi_diff"	1.25967447514612	0.364312994571069	3.45767099696573	0.000690320468390045	0	1.25967447514611	4.84393073482073	0.427998690401828	"other"
"g__UBA1417"	"human"	0.4152596137356	0.361405043535691	1.14901444006713	0.252183267498406	0	3.42296370039439	5.8385941266805	1	"Human_EUR"
"g__UBA1417"	"hdi_diff"	4.44889562818279	0.396323850760542	11.2254047280914	3.5716953960761e-22	0.415259613735602	4.86415524191839	2.43900224643114	2.21445114556718e-19	"Human_EUR"
"g__UBA3402"	"human"	1.56148434925359	0.320637227614854	4.86994090133921	2.56171009725446e-06	0.331670546313677	4.37368486717395	2.55179798565214	0.00158826026029777	"Human_EUR"
"g__UBA3402"	"hdi_diff"	3.66911724966822	0.351617065169578	10.434980588609	5.75132134515355e-20	1.89315489556728	5.56227214523548	1.07428991583098	3.5658192339952e-17	"Human_EUR"
"g__UMGS1375"	"human"	0.871749312674473	0.408204803337528	2.13556848314119	0.034163458148345	0	3.00258747338261	5.70796952119081	1	"Human_EUR"
"g__UMGS1375"	"hdi_diff"	3.15186477938077	0.447645384178768	7.04098576859684	4.65893468478283e-11	0.871749312674489	4.02361409205525	1.52051026048028	2.88853950456536e-08	"Human_EUR"
"g__Ventrimonas"	"human"	-3.1785907751809	0.630781189747203	-5.03913373899873	1.19939591528243e-06	4.63753733943442	4.34416629844358	-0.0652043183976687	0.000743625467475108	"Pan"
"g__Ventrimonas"	"hdi_diff"	4.26772085682278	0.691727009845227	6.16966056852063	4.94793988965396e-09	1.45894656425354	5.7266674210763	1.36233293212505	3.06772273158545e-06	"Pan"
"g__CAG.1000"	"human"	0.0373200348843418	0.593512483792239	0.0628799492908489	0.949936851469195	1.31681193617431	0.959768884977835	-0.313476523045739	1	"other"
"g__CAG.1000"	"hdi_diff"	-0.58332873149454	0.650857416791319	-0.896246576355094	0.371403514590474	1.35413197105865	0.770803239564109	-0.557950402576516	1	"other"
"g__CAG.533"	"human"	0.281598861555985	0.553827190659236	0.508459798120042	0.611797958150763	0.923456605686601	1.27923382559907	0.322908910968055	1	"other"
"g__CAG.533"	"hdi_diff"	0.109722155068966	0.607337746896398	0.180660852432876	0.856851540538237	1.20505546724259	1.31477762231155	0.0864548853330848	1	"other"
"g__CAG.628"	"human"	0.376773753554575	0.48811577290619	0.771894239990041	0.44126149973336	0.777913412251448	0.819421279693367	0.0513400033242946	1	"other"
"g__CAG.628"	"hdi_diff"	-0.495914123208305	0.535277318884552	-0.926462051935481	0.355534907743102	1.15468716580603	0.658773042597718	-0.554763048897286	1	"other"
"g__CAG.841"	"human"	0.515329161174372	0.645332702001433	0.798548035108297	0.425679949589341	1.91397208393991	1.68793121702802	-0.124981263911328	1	"other"
"g__CAG.841"	"hdi_diff"	-1.09660983321093	0.707684483251145	-1.54957450553817	0.123125422676716	2.42930124511428	1.33269141190336	-0.597035507402342	1	"other"
"g__Campylobacter_D"	"human"	-0.320601824604184	0.534060298371225	-0.600310162695026	0.549108470416202	1.7324513462008	0.457359704179186	-1.31594901473099	1	"other"
"g__Campylobacter_D"	"hdi_diff"	-1.41184952159662	0.585660985574776	-2.41069416671321	0.0170010903277012	1.41184952159662	0	-4.95712869010762	1	"other"
"g__RUG410"	"human"	0.685217795441572	0.533135035964621	1.28526123630532	0.20047001571143	1.34275222051643	0.656948033338504	-0.707184346161042	1	"other"
"g__RUG410"	"hdi_diff"	-2.02797001595799	0.584646324693563	-3.4687125024192	0.000664394422780157	2.02797001595799	0	-5.31712440819658	0.411924542123697	"other"
"g__SFMI01"	"human"	2.62731967214285	0.550346614796842	4.7739362821605	3.90943235541034e-06	0.979614879029505	2.34929454146316	0.868802073861521	0.00242384806035441	"Human"
"g__SFMI01"	"hdi_diff"	-1.86025918102818	0.603520879220305	-3.08234436467461	0.00240095724631178	3.60693455117234	1.74667537014418	-0.722203829609759	1	"Human"
"g__UBA11512"	"human"	1.74159333964118	0.353587910538342	4.92548893142185	2.0006475313054e-06	0	1.25474466553465	4.84004044236689	0.00124040146940935	"Human"
"g__UBA11512"	"hdi_diff"	-0.720130330449241	0.387751429575969	-1.85719581030752	0.0650339002477336	1.74159333964118	1.02146300919194	-0.529547661789789	1	"Human"
"g__UBA1752"	"human"	2.10634270276271	0.350161545540012	6.0153455728965	1.08974883933097e-08	0.144218924465334	0.92249291212966	1.79948837020369	6.75644280385199e-06	"Human_AFR"
"g__UBA1752"	"hdi_diff"	-1.96443497441635	0.383994010595415	-5.11579587236356	8.45565849400499e-07	2.25056162722803	0.28612665281169	-2.03258132508684	0.000524250826628309	"Human_AFR"
"g__UBA4644"	"human"	3.31081568860298	0.362780535011539	9.12622196915187	2.16265322447589e-16	0.305002435567998	1.32061014949482	1.44081250427908	1.34084499917505e-13	"Human_AFR"
"g__UBA4644"	"hdi_diff"	-3.39499512920847	0.397832241659194	-8.53373551386721	8.04904805436889e-15	3.61581812417096	0.220822994962506	-2.75418407002685	4.99040979370871e-12	"Human_AFR"
"g__UBA6382"	"human"	0.400738598384978	0.424378739567717	0.944294708997864	0.346375128001936	0.797272668523226	0.388088156885755	-0.706988009942608	1	"other"
"g__UBA6382"	"hdi_diff"	-1.1980112669082	0.465382039500433	-2.57425333430189	0.0109084598612195	1.1980112669082	0	-4.79414561236798	1	"other"
"g__UMGS1781"	"human"	1.36699310192519	0.440461506273661	3.10354726225695	0.00224413128052962	0.302031417108254	1.0993320798953	1.26840950477049	1	"other"
"g__UMGS1781"	"hdi_diff"	-0.842670066225179	0.483018716535777	-1.74459091827503	0.082884851205307	1.66902451903344	0.82635445280827	-0.696915750485611	1	"other"
"g__UMGS2037"	"human"	1.8325288300379	0.346319513011008	5.29143972889466	3.74634327242935e-07	0.218047535597787	0.818688385622516	1.2902900958919	0.00023227328289062	"Human_AFR"
"g__UMGS2037"	"hdi_diff"	-1.82216763710281	0.379780762457687	-4.79794612373455	3.51913944518486e-06	2.05057636563568	0.228408728532876	-2.15675446429905	0.00218186645601461	"Human_AFR"
"g__UMGS902"	"human"	3.3443919387053	0.382433610316681	8.74502619143729	2.23751297482731e-15	0	1.899652849185	5.2520916571739	1.38725804439293e-12	"Human_AFR"
"g__UMGS902"	"hdi_diff"	-2.13700990324877	0.419384189047697	-5.09559005574652	9.27491463879653e-07	3.34439193870529	1.20738203545653	-1.01356783318641	0.000575044707605385	"Human_AFR"
"g__Veillonella"	"human"	1.0071282420387	0.457051706221186	2.20353239760429	0.0289174783673408	0.108633881631603	1.30605641930093	2.40635285714886	1	"other"
"g__Veillonella"	"hdi_diff"	0.28147697895363	0.501211854804588	0.561592819992998	0.575141874311788	1.11576212367031	1.39723910262393	0.223169452035702	1	"other"
"g__Acidaminococcus"	"human"	-9.19142101937291e-15	0.422122928909484	-2.17742756668492e-14	0.999999999999983	0	1.090803725666	4.70121075868694	1	"other"
"g__Acidaminococcus"	"hdi_diff"	1.61348051088097	0.462908273340695	3.48552964767053	0.000626655971588045	0	1.61348051088096	5.0897424940918	0.388526702384588	"other"
"g__CAG.194"	"human"	0.43306115839266	0.365071721065029	1.18623583642492	0.237204081324364	0.196554356055633	0.791498415041647	1.35591939134315	1	"other"
"g__CAG.194"	"hdi_diff"	0.239451790461	0.400344801170386	0.59811390022045	0.550569401616824	0.629615514448294	0.869067304909294	0.317994227465154	1	"other"
"g__Ellagibacter"	"human"	1.3431668255357	0.397634954184647	3.37788922075493	0.000907815654075335	0	1.86683772921026	5.23475848764975	0.562845705526708	"other"
"g__Ellagibacter"	"hdi_diff"	0.774596545018614	0.43605428053161	1.77637642743531	0.0774808070981664	1.3431668255357	2.11776337055432	0.452623725191031	1	"other"
"g__Enterenecus"	"human"	-2.29207477751029	0.589050988417427	-3.89113136651938	0.000143604842103441	2.29207477751028	1.75562590264195	-0.265305546903016	0.0890350021041332	"other"
"g__Enterenecus"	"hdi_diff"	2.59686331432455	0.645964853561438	4.02013097153367	8.76767802227914e-05	0	2.59686331432454	5.56331788930969	0.0543596037381307	"other"
"g__Flavonifractor"	"human"	0.196255560375147	0.453244819914866	0.433001220867808	0.665569271588266	0.0960511942193701	2.85408724952281	3.29608304997936	1	"Human_EUR"
"g__Flavonifractor"	"hdi_diff"	3.78930031541477	0.497037148703178	7.62377686517285	1.72874177284699e-12	0.29230675459453	4.08160707000928	2.60525085296722	1.07181989916513e-09	"Human_EUR"
"g__Fournierella"	"human"	-2.40163539725791e-15	0.29217958566744	-8.21972346826266e-15	0.999999999999993	0	0.885871896361829	4.49521233694884	1	"Human_EUR"
"g__Fournierella"	"hdi_diff"	1.3103521800352	0.320409857517397	4.08961256744124	6.6890098940485e-05	0	1.31035218003521	4.88306869005774	0.0414718613431007	"Human_EUR"
"g__Intestinimonas"	"human"	0.624340754980863	0.374230961947852	1.66833003803641	0.0971129331684719	0	2.20595666288029	5.40085439821993	1	"Human_EUR"
"g__Intestinimonas"	"hdi_diff"	2.33947353043455	0.410389004154413	5.70062430219085	5.25206204676812e-08	0.624340754980884	2.96381428541542	1.54501440053263	3.25627846899624e-05	"Human_EUR"
"g__NSJ.51"	"human"	-1.22850750475247e-15	0.293210487543156	-4.18984844316542e-15	0.999999999999997	0	0.792620535605591	4.38529695086279	1	"other"
"g__NSJ.51"	"hdi_diff"	1.17241787558327	0.321540364709944	3.64625410760134	0.000354581496499084	0	1.17241787558327	4.77273157513642	0.219840527829432	"other"
"g__Ruthenibacterium"	"human"	0.302432995819415	0.440797413792838	0.686104288174316	0.493593131719848	0.255123410325388	3.29113513065299	2.52182625037009	1	"Human_EUR"
"g__Ruthenibacterium"	"hdi_diff"	4.04341853000167	0.483387079301822	8.36476336074553	2.22197323819146e-14	0.557556406144831	4.60097493614648	2.09485445802235	1.3776234076787e-11	"Human_EUR"
"g__Scatacola_A"	"human"	-0.0406844065579873	0.354749370516644	-0.114684929528518	0.908831811289128	0.0406844065579843	1.13127276283166	3.1142810769053	1	"Human_EUR"
"g__Scatacola_A"	"hdi_diff"	1.6733409616885	0.38902510934148	4.30137006971358	2.87247035484332e-05	0	1.67334096168849	5.12595067229312	0.0178093162000286	"Human_EUR"
"g__Scatomorpha"	"human"	-1.73684931785621e-15	0.351682010293026	-4.9386925319525e-15	0.999999999999996	0	1.43198222300428	4.97118889676118	1	"Human_EUR"
"g__Scatomorpha"	"hdi_diff"	2.11814037152716	0.385661382029872	5.49222833870128	1.44534015498443e-07	0	2.11814037152716	5.36041871935547	8.96110896090346e-05	"Human_EUR"
"g__UMGS1071"	"human"	-9.4812868796343e-15	0.344659742066793	-2.75091219612092e-14	0.999999999999978	0	2.71451190566785	5.60745948087379	1	"Human_EUR"
"g__UMGS1071"	"hdi_diff"	4.0152155271337	0.377960625124913	10.6233698968158	1.72283814524408e-20	0	4.01521552713369	5.99774864253898	1.06815965005133e-17	"Human_EUR"
"g__Absicoccus"	"human"	-4.09407753968333	0.624463192693805	-6.55615509061844	6.51334301329268e-10	4.09407753968333	0.257323369658112	-2.73127723245887	4.03827266824146e-07	"Pan"
"g__Absicoccus"	"hdi_diff"	0.380624150952624	0.684798570505256	0.555819137694451	0.579073960558157	0	0.380624150952624	3.66516075393297	1	"Pan"
"g__Alectryocaccobium"	"human"	-4.54604198645797	0.586326663860414	-7.75342870564086	8.17154279249617e-13	4.54604198645797	0	-6.12162444717103	5.06635653134763e-10	"Pan"
"g__Alectryocaccobium"	"hdi_diff"	-2.04905460330807e-15	0.642977305881987	-3.18682259010267e-15	0.999999999999997	0	0	0	1	"Pan"
"g__Avilachnospira"	"human"	-5.21465288118048	0.541589157334051	-9.62842924487148	9.50273550997572e-18	5.21465288118046	0	-6.25855854740828	5.89169601618495e-15	"Pan"
"g__Avilachnospira"	"hdi_diff"	-3.24871628647997e-15	0.593917279805727	-5.4699810848114e-15	0.999999999999996	0	0	0	1	"Pan"
"g__Bulleidia"	"human"	-6.3174798981381	0.381938189589365	-16.5405818803567	4.31854679850797e-37	7.92881821240563	0.585366578401993	-2.59034238942636	2.67749901507494e-34	"Pan"
"g__Bulleidia"	"hdi_diff"	-1.51758319263445	0.418840900972701	-3.62329273265832	0.000385082626511813	1.61133831426753	0.0937551216330879	-2.74897368406483	0.238751228437324	"Pan"
"g__Butyricicoccus_A"	"human"	-4.52243591191212	0.562839008462262	-8.03504349186442	1.57486367542414e-13	5.58155090997565	0.48000316480399	-2.43460012144632	9.76415478762965e-11	"Pan"
"g__Butyricicoccus_A"	"hdi_diff"	-0.856602920029745	0.617220282843064	-1.38783987474298	0.167023695551094	1.05911499806353	0.202512078033793	-1.61558765604733	1	"Pan"
"g__CAG.238"	"human"	-2.66806019279858	0.640696022675543	-4.16431521091199	4.98175747427188e-05	6.200721760917	3.09358600148598	-0.693718897166517	0.0308868963404857	"Pan"
"g__CAG.238"	"hdi_diff"	-0.64946594231049	0.702599809868614	-0.924375345948272	0.356616736348968	3.53266156811842	2.88319562580793	-0.202516655940048	1	"Pan"
"g__CAG.877"	"human"	-0.677414583999612	0.607171966595834	-1.11568817611525	0.266148946069143	1.96478479607527	0.749192875625615	-0.955958844188781	1	"other"
"g__CAG.877"	"hdi_diff"	-0.79605397683236	0.66583667322658	-1.1955694374339	0.233549462947205	1.28737021207566	0.491316235243303	-0.950857470780702	1	"other"
"g__Coprosoma"	"human"	-2.989994057708	0.635070804564818	-4.70812708790303	5.20595138625418e-06	2.98999405770799	0.0764541877003725	-3.54675093520671	0.00322768985947759	"Pan"
"g__Coprosoma"	"hdi_diff"	0.113088485973467	0.6964310854889	0.16238288084754	0.871199495736852	0	0.113088485973468	2.51031840189383	1	"Pan"
"g__Enteromonas"	"human"	-4.35843004271935	0.557932732799992	-7.81174823862101	5.82275765109603e-13	4.35843004271934	0	-6.07957387258803	3.61010974367954e-10	"Pan"
"g__Enteromonas"	"hdi_diff"	-2.4185739847422e-15	0.611839964836596	-3.95295195433684e-15	0.999999999999997	0	0	0	1	"Pan"
"g__Enterosoma"	"human"	-3.2917478775086	0.688351980172376	-4.78207076078184	3.77273260412819e-06	3.65839964654413	0.118774516729818	-3.34944783971477	0.00233909421455948	"Pan"
"g__Enterosoma"	"hdi_diff"	-0.366651769035529	0.754860266452309	-0.485721378287293	0.627797606191644	0.366651769035527	0	-3.62873597802894	1	"Pan"
"g__Eubacterium_M"	"human"	-2.13102337384437	0.582744841591584	-3.65687213639532	0.00034126114623418	2.13102337384437	0	-5.36645411279171	0.211581910665192	"other"
"g__Eubacterium_M"	"hdi_diff"	-5.58048206311121e-16	0.639049409413154	-8.73247354728929e-16	0.999999999999999	0	0	0	1	"other"
"g__GreatApes000008"	"human"	-0.847818267307764	0.411048099065505	-2.06257678659805	0.0406920813728054	0.847818267307762	0	-4.45180717439447	1	"other"
"g__GreatApes000008"	"hdi_diff"	-5.13603733128677e-16	0.450763397974974	-1.13940869075885e-15	0.999999999999999	0	0	0	1	"other"
"g__GreatApes000368"	"human"	-0.938983702637713	0.521175938562953	-1.80166357109038	0.0733914202141396	1.13542809253668	0.0636369150376934	-2.74438726305106	1	"other"
"g__GreatApes000368"	"hdi_diff"	-0.196444389898968	0.571531744201048	-0.34371562365898	0.731489949391321	0.196444389898967	0	-3.02744598482965	1	"other"
"g__GreatApes000462"	"human"	-0.765287051559237	0.360854485737404	-2.12076358146242	0.0354093490577837	0.765287051559237	0	-4.35064825689088	1	"other"
"g__GreatApes000462"	"hdi_diff"	-2.0349720751698e-16	0.395720098293369	-5.14245317320518e-16	1	0	0	0	1	"other"
"g__GreatApes002434"	"human"	-1.08443214782998	0.418610883625713	-2.59054933889295	0.0104244661684022	1.08443214782998	0	-4.69540582828745	1	"other"
"g__GreatApes002434"	"hdi_diff"	-5.39262107607179e-16	0.459056895680625	-1.1747173665862e-15	0.999999999999999	0	0	0	1	"other"
"g__GreatApes002435"	"human"	-1.604859245745	0.475835067895704	-3.37272167190662	0.000923911622359442	1.604859245745	0	-5.08441798452709	0.572825205862854	"other"
"g__GreatApes002435"	"hdi_diff"	-6.45020303498526e-16	0.52181005718783	-1.23612087312902e-15	0.999999999999999	0	0	0	1	"other"
"g__GreatApes002578"	"human"	-1.12983424308216	0.438210316889762	-2.57829220247772	0.010786662725483	1.12983424308216	0	-4.73605303701765	1	"other"
"g__GreatApes002578"	"hdi_diff"	-3.07800419356767e-16	0.480550018156004	-6.40516923790529e-16	1	0	0	0	1	"other"
"g__GreatApes003005"	"human"	-0.701186392355054	0.345508605079262	-2.02943250051384	0.0439923732447433	0.701186392355054	0	-4.26434945766357	1	"other"
"g__GreatApes003005"	"hdi_diff"	-3.35824113507649e-16	0.378891504933836	-8.86333182809925e-16	0.999999999999999	0	0	0	1	"other"
"g__GreatApes003050"	"human"	-0.992849508701033	0.397596863656206	-2.49712610801561	0.0134833412991274	0.992849508701032	0	-4.60801564253515	1	"other"
"g__GreatApes003050"	"hdi_diff"	-1.58210297324424e-16	0.436012509711918	-3.62857243313861e-16	1	0	0	0	1	"other"
"g__GreatApes003854"	"human"	-0.811685079386838	0.363683002611909	-2.23184771781319	0.026947436406774	0.811685079386837	0	-4.40877211355362	1	"other"
"g__GreatApes003854"	"hdi_diff"	-3.03746129351262e-16	0.398821905309337	-7.61608440528533e-16	0.999999999999999	0	0	0	1	"other"
"g__GreatApes004310"	"human"	-0.438941719625918	0.269172572796353	-1.63070744937303	0.104825385264166	0.438941719625918	0	-3.8043079859357	1	"other"
"g__GreatApes004310"	"hdi_diff"	-3.29265486961411e-17	0.295179916489565	-1.1154738807342e-16	1	0	0	0	1	"other"
"g__GreatApes004820"	"human"	-0.81735128140719	0.365366820110655	-2.23707035345915	0.0265971285883424	0.817351281407191	0	-4.41564427775169	1	"other"
"g__GreatApes004820"	"hdi_diff"	-2.4881460152417e-17	0.400668412564887	-6.20998795316501e-17	1	0	0	0	1	"other"
"g__Hallerella"	"human"	-4.7102589039835	0.62731526282668	-7.50859923726245	3.34754976500471e-12	4.7102589039835	0	-6.15703383662009	2.07548085430292e-09	"Pan"
"g__Hallerella"	"hdi_diff"	-2.2075658355621e-15	0.687926206485767	-3.20901546524784e-15	0.999999999999997	0	0	0	1	"Pan"
"g__HGM11416"	"human"	0.693782156964563	0.405501082063939	1.7109255379377	0.0889406009801677	0.717890143721825	0.457302294588547	-0.443173775323115	1	"other"
"g__HGM11416"	"hdi_diff"	-1.41167230068639	0.444680430463544	-3.17457707597979	0.00178515977282482	1.41167230068638	0	-4.95700404122392	1	"other"
"g__HGM13006"	"human"	-5.59355490129818	0.553961027230011	-10.097379827003	4.93386928946405e-19	5.80226875210523	1.0875924339822	-1.66685190081007	3.05899895946771e-16	"Pan"
"g__HGM13006"	"hdi_diff"	1.3000079042799	0.607484514701804	2.13998525529171	0.0337991680103827	0.208713850807059	1.50872175508695	1.93786005131389	1	"Pan"
"g__Methanomethylophilus"	"human"	-0.666993771214406	0.421732863873214	-1.58155512256907	0.115631988377848	0.888503913536138	0.0717568066676033	-2.3969819935467	1	"other"
"g__Methanomethylophilus"	"hdi_diff"	-0.221510142321733	0.462480520380445	-0.478961021189637	0.632589169988744	0.221510142321732	0	-3.14203859089753	1	"other"
"g__Nanosyncoccus"	"human"	-4.1823659595018	0.686232215708809	-6.09468029008494	7.27240696176751e-09	4.18236595950179	0	-6.03843542869593	4.50889231629586e-06	"Pan"
"g__Nanosyncoccus"	"hdi_diff"	-2.12907996900582e-15	0.752535691214822	-2.82920796164343e-15	0.999999999999998	0	0	0	1	"Pan"
"g__Onthovivens"	"human"	-4.85216487676542	0.645604875487636	-7.51568809498302	3.21455952205716e-12	5.07677574535041	0.129193102380719	-3.59853726517054	1.99302690367544e-09	"Pan"
"g__Onthovivens"	"hdi_diff"	-0.141138779177153	0.707982954028065	-0.199353357837424	0.842227419782473	0.22461086858499	0.0834720894078389	-0.920265380575635	1	"Pan"
"g__Oribacterium"	"human"	-4.31188782423541	0.556761998369812	-7.74457997647206	8.60185685177834e-13	6.6724100462187	0.764676212755144	-2.15478883476395	5.33315124810257e-10	"Pan"
"g__Oribacterium"	"hdi_diff"	-2.36052222198328	0.610556114525466	-3.86618390320751	0.000157767790091807	2.36052222198327	0	-5.46828046369072	0.0978160298569202	"Pan"
"g__Ornithospirochaeta"	"human"	-5.96513059676168	0.530606461580815	-11.2420994252313	3.20630106115968e-22	6.20851522601049	0.0788429080665171	-4.24841671535056	1.987906657919e-19	"Pan"
"g__Ornithospirochaeta"	"hdi_diff"	-0.243384629248816	0.581873440488847	-0.418277605254405	0.676278344470168	0.243384629248814	0	-3.23232351499803	1	"Pan"
"g__Paratractidigestivibacter"	"human"	-6.00923598274608	0.411660911663501	-14.5975384411968	1.07826379424754e-31	8.5630404280691	1.45320125000715	-1.767995773038	6.68523552433474e-29	"Pan"
"g__Paratractidigestivibacter"	"hdi_diff"	-1.62797555973806	0.451435420275096	-3.60622026234894	0.000409346908911712	2.55380444532302	0.925828885584968	-1.0078149005381	0.253795083525262	"Pan"
"g__RF16"	"human"	-4.60665354036019	0.654969235017144	-7.03338919459264	4.85917706270125e-11	5.65955564791787	0.341080964420094	-2.78184915994723	3.01268977887477e-08	"Pan"
"g__RF16"	"hdi_diff"	-1.05290210755768	0.718252094138376	-1.46592278136099	0.144538502586217	1.05290210755768	0	-4.66617319038074	1	"Pan"
"g__RGIG1681"	"human"	-0.204650629623929	0.211448170085869	-0.967852450748665	0.334509322628744	0.204650629623928	0	-3.06642663493068	1	"other"
"g__RGIG1681"	"hdi_diff"	-4.73057250921362e-17	0.231878205641105	-2.04011088326925e-16	1	0	0	0	1	"other"
"g__RGIG7114"	"human"	-2.53529785137482	0.549925182900539	-4.61025959568279	7.92975370231763e-06	2.53529785137482	0.126184336571687	-2.9279935721184	0.00491644729543693	"Pan"
"g__RGIG7114"	"hdi_diff"	0.186647664512288	0.603058728746859	0.309501638256919	0.75732350590339	0	0.186647664512287	2.97882852944553	1	"Pan"
"g__RGIG7384"	"human"	-1.52489234349486	0.605683660049374	-2.5176382393584	0.0127503609956731	1.70224048643698	0.122736612996962	-2.55719120656325	1	"other"
"g__RGIG7384"	"hdi_diff"	-0.0807795547105497	0.664204567111418	-0.121618487301065	0.903346518486443	0.177348142942122	0.0965685882315726	-0.56417981414138	1	"other"
"g__RUG14243"	"human"	-5.95863869072832	0.367786940389995	-16.201332990263	3.69917904100977e-36	5.95863869072832	0	-6.39168906238732	2.29349100542606e-33	"Pan"
"g__RUG14243"	"hdi_diff"	-1.52645107864787e-15	0.403322363874	-3.78469238349684e-15	0.999999999999997	0	0	0	1	"Pan"
"g__Scatoplasma"	"human"	-1.44076103572915	0.454668943424927	-3.16881338953172	0.00181887663917009	1.44076103572915	0	-4.97725845696082	1	"other"
"g__Scatoplasma"	"hdi_diff"	-6.23465474693305e-16	0.498598870443263	-1.25043499223942e-15	0.999999999999999	0	0	0	1	"other"
"g__Senegalimassilia"	"human"	-6.21379770642809	0.523404961750957	-11.8718739036041	5.40071574333237e-24	7.20133567412137	1.30660105045149	-1.70060073323547	3.34844376086607e-21	"Pan"
"g__Senegalimassilia"	"hdi_diff"	0.471947476579824	0.57397613469616	0.822242333872739	0.412104453664717	0.987537967693294	1.45948544427312	0.387377369695704	1	"Pan"
"g__SIG603"	"human"	-6.77020623683672	0.36623792317097	-18.4858142985815	2.42080103101438e-42	6.77020623683671	0	-6.51917770589026	1.50089663922892e-39	"Pan"
"g__SIG603"	"hdi_diff"	-2.79254910572528e-15	0.401623681245965	-6.95314852217355e-15	0.999999999999994	0	0	0	1	"Pan"
"g__Slackia_A"	"human"	-1.62153081360084	0.644770476162074	-2.51489618949805	0.0128462397048311	3.36982268951177	1.7349890757927	-0.661074954050514	1	"other"
"g__Slackia_A"	"hdi_diff"	-0.0196770585082138	0.707067935381553	-0.0278290918362682	0.977831493277554	1.74829187591093	1.72861481740271	-0.011254098502609	1	"other"
"g__Stercoripulliclostridium_A"	"human"	-0.645874685496532	0.351972182817214	-1.83501627977216	0.0682717119697364	0.645874685496531	0	-4.18338464949532	1	"other"
"g__Stercoripulliclostridium_A"	"hdi_diff"	-3.7201409317948e-16	0.385979590904452	-9.63818041020647e-16	0.999999999999999	0	0	0	1	"other"
"g__UBA1067"	"human"	-3.05141643815012	0.708108323770142	-4.30925090938577	2.78186967358605e-05	3.05141643815011	0	-5.724047883137	0.0172475919762335	"Pan"
"g__UBA1067"	"hdi_diff"	-1.63937905287385e-15	0.776525459873557	-2.11117231512382e-15	0.999999999999998	0	0	0	1	"Pan"
"g__UBA11957"	"human"	-2.6946507192425	0.503202682682332	-5.35500070245772	2.77809477105205e-07	2.6946507192425	0	-5.60014296582453	0.000172241875805227	"Pan"
"g__UBA11957"	"hdi_diff"	-1.07803701573288e-15	0.551821919701577	-1.95359585627892e-15	0.999999999999998	0	0	0	1	"Pan"
"g__UBA2450"	"human"	-0.23603527611644	0.210511158856004	-1.12124828631007	0.263782329878454	0.23603527611644	0	-3.202889831505	1	"other"
"g__UBA2450"	"hdi_diff"	-3.93921850536869e-17	0.23085066077014	-1.70639256228554e-16	1	0	0	0	1	"other"
"g__UBA2918"	"human"	-4.85578204216967	0.489124927616448	-9.92748839408442	1.44651632014017e-18	4.85578204216966	0	-6.18739763735479	8.96840118486907e-16	"Pan"
"g__UBA2918"	"hdi_diff"	-2.01754920710668e-15	0.536383977709425	-3.7613897710413e-15	0.999999999999997	0	0	0	1	"Pan"
"g__UBA3207"	"human"	-1.64346242572503	0.531419615860007	-3.09258893852719	0.00232396142753227	1.64346242572503	0	-5.10804171508435	1	"other"
"g__UBA3207"	"hdi_diff"	-7.23050622873662e-16	0.582765161401314	-1.24072382970701e-15	0.999999999999999	0	0	0	1	"other"
"g__UBA3210"	"human"	-3.12849580473779	0.584375397642034	-5.35357206576686	2.79690012415316e-07	3.12849580473778	0	-5.74891382805332	0.000173407807697496	"Pan"
"g__UBA3210"	"hdi_diff"	-2.22181557873232e-15	0.640837509121097	-3.46704983261594e-15	0.999999999999997	0	0	0	1	"Pan"
"g__UBA3789"	"human"	-2.14297242378806	0.620378822370725	-3.45429654674361	0.000698431223168904	2.38347954047435	0.171163976231954	-2.58110089366568	0.43302735836472	"other"
"g__UBA3789"	"hdi_diff"	-0.102570061922049	0.680319569995084	-0.150767472296572	0.880340018974365	0.240507116686296	0.137937054764248	-0.526700452397656	1	"other"
"g__UBA4636"	"human"	0.31199694125211	0.398903082786872	0.782137202531487	0.435234914749237	0.648800526628129	0.439239377776622	-0.382864916641932	1	"other"
"g__UBA4636"	"hdi_diff"	-0.771471341611598	0.437444935199781	-1.76358503558686	0.0796196809468833	0.960797467880234	0.189326126268641	-1.58317555678151	1	"other"
"g__UBA4951"	"human"	-3.75144667660193	0.663381383589769	-5.65503761396145	6.5672015991899e-08	4.17313436741226	0.136603054769541	-3.35108746650481	4.07166499149773e-05	"Pan"
"g__UBA4951"	"hdi_diff"	-0.421687690810323	0.727477021059306	-0.579657746709701	0.562921964823033	0.421687690810322	0	-3.76511729586535	1	"Pan"
"g__UBA636"	"human"	-5.97095847460355	0.577534875204869	-10.338697680353	1.06323510094232e-19	7.24090898516558	0.468579457106114	-2.71805986558816	6.5920576258424e-17	"Pan"
"g__UBA636"	"hdi_diff"	-1.18536134990355	0.633336058208878	-1.87161513155565	0.0629982750647798	1.26995051056203	0.0845891606584873	-2.60503380382693	1	"Pan"
"g__UBA71"	"human"	-4.0521805002173	0.708441631162897	-5.71985089804181	4.77806943613825e-08	4.24491164904266	0.0624340341265262	-4.07315300320258	2.96240305040572e-05	"Pan"
"g__UBA71"	"hdi_diff"	-0.192731148825365	0.77689097129003	-0.248080047198045	0.804375440510366	0.192731148825363	0	-3.00929561824533	1	"Pan"
"g__UBA7862"	"human"	-0.743447581774642	0.351970979251747	-2.11224113804818	0.0361441364850902	0.743447581774642	0	-4.32207435632836	1	"other"
"g__UBA7862"	"hdi_diff"	-2.69528830451453e-16	0.385978271050983	-6.98300527948246e-16	1	0	0	0	1	"other"
"g__UBA7867"	"human"	-1.1358640941863	0.44388979145561	-2.558887624925	0.0113831801669291	1.1358640941863	0	-4.74132920578764	1	"other"
"g__UBA7867"	"hdi_diff"	-4.90991806741819e-16	0.486778241227305	-1.00865602682628e-15	0.999999999999999	0	0	0	1	"other"
"g__UBA9732"	"human"	-2.02481615921765	0.639107331852049	-3.1681942270166	0.00182253357318761	2.89903596655989	0.283197965758758	-2.29472899038867	1	"other"
"g__UBA9732"	"hdi_diff"	-0.874219807342258	0.700857620388702	-1.24735721195042	0.214002560687916	0.874219807342253	0	-4.48212058957475	1	"other"
"g__UMGS124"	"human"	-5.81570297759985	0.369371841235277	-15.744846597268	6.7635390187197e-35	5.81570297759985	0	-6.36744986100803	4.19339419160621e-32	"Pan"
"g__UMGS124"	"hdi_diff"	-2.70977036297654e-15	0.405060397189558	-6.68979337841423e-15	0.999999999999995	0	0	0	1	"Pan"
"g__UMGS1994"	"human"	-2.03371147515867	0.555079661193266	-3.66381911883919	0.000332803263491397	2.20380590302552	0.120464411137651	-2.83136796343406	0.206338023364666	"other"
"g__UMGS1994"	"hdi_diff"	-0.0734110664119513	0.608711230620241	-0.120600808263632	0.904151342207491	0.170094427866857	0.0966833614549069	-0.523616104078008	1	"other"
"g__UMGS692"	"human"	-0.646862808559057	0.395107739518449	-1.6371808088281	0.103464487897051	0.88156115476939	0.0760290417301078	-2.33828909877689	1	"other"
"g__UMGS692"	"hdi_diff"	-0.234698346210334	0.433282887419861	-0.541674626496166	0.588760325332095	0.234698346210333	0	-3.1974411189942	1	"other"
"g__UMGS75"	"human"	-0.31891533370273	0.308874258254553	-1.03250861857158	0.303317983379886	0.51513888208923	0.0635653748294294	-1.96548830056953	1	"other"
"g__UMGS75"	"hdi_diff"	-0.1962235483865	0.338717562529426	-0.579313180341669	0.56315385751764	0.196223548386499	0	-3.0263756737487	1	"other"
"g__UMGS973"	"human"	-3.61268110971521	0.566585886397512	-6.37622855854299	1.68864597477269e-09	4.64910008322095	0.850460651499819	-1.68910970616009	1.04696050435907e-06	"Pan"
"g__UMGS973"	"hdi_diff"	-0.275063351300434	0.621329182589177	-0.442701484186211	0.658551133748433	1.03641897350574	0.761355622205312	-0.304979597493784	1	"Pan"
"g__W0P28.013"	"human"	-3.71831260445445	0.636625102532661	-5.84066287939642	2.62535265395824e-08	3.71831260445445	0	-5.92112593242215	1.62771864545411e-05	"Pan"
"g__W0P28.013"	"hdi_diff"	-1.26808385613553e-15	0.698135559089539	-1.81638628719798e-15	0.999999999999999	0	0	0	1	"Pan"
"g__W2P13.069"	"human"	-1.7051456278168	0.460546201454325	-3.7024420621259	0.000289275854003747	1.7051456278168	0	-5.14466817717988	0.179351029482323	"other"
"g__W2P13.069"	"hdi_diff"	-2.84211454571035e-16	0.505043986735323	-5.62745942998388e-16	1	0	0	0	1	"other"
"g__Anaerovibrio"	"human"	-3.55667035702149	0.613426638977792	-5.79803701213285	3.24584530951004e-08	5.00195002607453	0.468189188566475	-2.34957389894466	2.01242409189622e-05	"Pan"
"g__Anaerovibrio"	"hdi_diff"	-1.44527966905304	0.672695669491303	-2.14848962852097	0.0331071688063904	1.44527966905303	0	-4.98036828054869	1	"Pan"
"g__Caccocola"	"human"	-0.842311788803121	0.348134822191836	-2.41949881227042	0.0166088622988754	0.842311788803118	0	-4.44536731619159	1	"other"
"g__Caccocola"	"hdi_diff"	-5.40798684205559e-16	0.381771466067764	-1.41655082234346e-15	0.999999999999999	0	0	0	1	"other"
"g__Enterousia"	"human"	0.381740379534159	0.351811981037535	1.08506929868722	0.27944556622496	0.445580776179669	0.268005444808704	-0.493932337027697	1	"other"
"g__Enterousia"	"hdi_diff"	-0.827321155713829	0.385803910494461	-2.14440842409685	0.0334377137957967	0.827321155713824	0	-4.42762260248478	1	"other"
"g__F23.D06"	"human"	-2.61118366532455	0.598308802232767	-4.36427419349363	2.22152271365423e-05	2.61118366532456	0	-5.56879618239717	0.0137734408246562	"Pan"
"g__F23.D06"	"hdi_diff"	3.24378470134175e-16	0.656117153554333	4.94391083020684e-16	1	0	0	0	1	"Pan"
"g__GreatApes000739"	"human"	-1.0593671108903	0.425336036202446	-2.49065919819236	0.0137220960702065	1.0593671108903	0	-4.67223717431631	1	"other"
"g__GreatApes000739"	"hdi_diff"	-3.32725475956667e-16	0.466431829743769	-7.13342132202785e-16	1	0	0	0	1	"other"
"g__GreatApes001094"	"human"	-1.7671137792196	0.488477529805429	-3.61759481531009	0.00039302588597445	1.7671137792196	0	-5.18016076193448	0.243676049304159	"other"
"g__GreatApes001094"	"hdi_diff"	-6.4375724611207e-16	0.535674028587169	-1.20177050175452e-15	0.999999999999999	0	0	0	1	"other"
"g__GreatApes001859"	"human"	-2.25104658791691	0.586159325236105	-3.8403322970426	0.00017383783966709	2.25104658791691	0	-5.42099798407691	0.107779460593596	"other"
"g__GreatApes001859"	"hdi_diff"	-1.00782143424671e-15	0.642793799068364	-1.56787672144225e-15	0.999999999999999	0	0	0	1	"other"
"g__GreatApes002417"	"human"	-1.75656178280881	0.454996485276122	-3.86060516872523	0.000161111531438789	1.75656178280881	0	-5.17420534789427	0.0998891494920491	"other"
"g__GreatApes002417"	"hdi_diff"	-5.8033427506847e-16	0.498958059253915	-1.16309229664761e-15	0.999999999999999	0	0	0	1	"other"
"g__GreatApes002436"	"human"	-3.43240035457833	0.568862314045818	-6.03379810866127	9.92188932408733e-09	3.43240035457833	0	-5.84133919153357	6.15157138093415e-06	"Pan"
"g__GreatApes002436"	"hdi_diff"	-1.35311810509163e-15	0.623825557744122	-2.16906487445749e-15	0.999999999999998	0	0	0	1	"Pan"
"g__GreatApes002437"	"human"	-0.698935038879266	0.346799224988329	-2.01538812234309	0.0454581223521514	0.698935038879266	0	-4.26117880575684	1	"other"
"g__GreatApes002437"	"hdi_diff"	-1.76055045615661e-16	0.3803068240097	-4.62928968140657e-16	1	0	0	0	1	"other"
"g__GreatApes002579"	"human"	-1.96943285588374	0.518215693495045	-3.80041145145785	0.000201738016384097	1.96943285588374	0	-5.28798055324144	0.12507757015814	"other"
"g__GreatApes002579"	"hdi_diff"	-6.20980250613049e-16	0.568285481467605	-1.09272587610255e-15	0.999999999999999	0	0	0	1	"other"
"g__GreatApes005254"	"human"	-1.06251550081776	0.371686657294173	-2.85863234519292	0.00479378850542764	1.06251550081776	0	-4.67517701068062	1	"other"
"g__GreatApes005254"	"hdi_diff"	-2.79745382075703e-16	0.407598869827595	-6.86325215263794e-16	1	0	0	0	1	"other"
"g__MX.02"	"human"	-2.52293993532681	0.584516301730892	-4.31628669355463	2.70330540645918e-05	2.52293993532682	0.0935511914917643	-3.19706984264654	0.0167604935200469	"Pan"
"g__MX.02"	"hdi_diff"	0.138377804081568	0.640992027305286	0.215880694590391	0.829342630662469	0	0.138377804081568	2.6971766583693	1	"Pan"
"g__Oxalobacter"	"human"	0.201849648229524	0.645027944417023	0.312931633391412	0.754720734404578	2.51432145857581	1.8166291589079	-0.323500018699813	1	"other"
"g__Oxalobacter"	"hdi_diff"	-1.33057246459829	0.707350280113801	-1.88106586228286	0.0616931271495403	2.71617110680533	1.38559864220705	-0.6695746423382	1	"other"
"g__Phil12"	"human"	-0.572322326471766	0.311945995096554	-1.83468400129522	0.0683212173065551	0.572322326471765	0	-4.06443902698548	1	"other"
"g__Phil12"	"hdi_diff"	-3.07174241605269e-16	0.342086089326493	-8.97944263708709e-16	0.999999999999999	0	0	0	1	"other"
"g__Phocaeicola_A"	"human"	-3.56519360129627	0.56114297635607	-6.3534495690346	1.903072575069e-09	3.8075405498519	0.31829793626219	-2.45344012077875	1.17990499654278e-06	"Pan"
"g__Phocaeicola_A"	"hdi_diff"	0.112344169315945	0.615360380809701	0.182566464821996	0.855358319529659	0.242346948555636	0.354691117871581	0.368245822300603	1	"Pan"
"g__RUG572"	"human"	-0.151328146155684	0.492428425256602	-0.307309932558885	0.758988087623545	1.20642413670166	0.341791658909257	-1.24063167606995	1	"other"
"g__RUG572"	"hdi_diff"	-1.05509599054597	0.540006657938001	-1.95385737386058	0.0523786362574692	1.05509599054597	0	-4.66823511305588	1	"other"
"g__RUG806"	"human"	-1.82232949166606	0.559811795043813	-3.2552538331627	0.00137016886520119	2.22323398145554	0.129870468523351	-2.77048926031458	0.849504696424738	"other"
"g__RUG806"	"hdi_diff"	-0.400904489789477	0.61390058130449	-0.653044649245301	0.514620185627939	0.400904489789475	0	-3.71577570955617	1	"other"
"g__Ruminococcus"	"human"	-1.34576312489621	0.551417724172164	-2.44055108478166	0.0157033585573256	1.75593184245446	0.924425969672844	-0.636501381538554	1	"other"
"g__Ruminococcus"	"hdi_diff"	0.760672185419502	0.604695478744596	1.25794257135629	0.21015814283751	0.410168717558252	1.17084090297775	1.03332575421574	1	"other"
"g__SFHK01"	"human"	-1.14295825547894	0.591546007692174	-1.93215445733125	0.055022839518742	2.45742634309898	0.795102148525389	-1.11996175809451	1	"other"
"g__SFHK01"	"hdi_diff"	-0.768228784910845	0.648700940576207	-1.18425723913467	0.23798402075134	1.31446808762004	0.5462393027092	-0.867567612303813	1	"other"
"g__Spyradenecus"	"human"	-1.65410068348482	0.485718743986275	-3.40547014906132	0.000826250242824533	1.65410068348482	0	-5.11445503345857	0.51227515055121	"other"
"g__Spyradenecus"	"hdi_diff"	1.53930747022693e-17	0.53264869001255	2.88991130381014e-17	1	0	0	0	1	"other"
"g__Spyradosoma"	"human"	-1.83826167708106	0.525185623331319	-3.50021324921413	0.000595359946675126	1.83826167708106	0	-5.21941574933532	0.369123166938578	"other"
"g__Spyradosoma"	"hdi_diff"	-3.23180907180773e-16	0.575928843068811	-5.61147285936779e-16	1	0	0	0	1	"other"
"g__Tb.RUG.53"	"human"	-0.630517545795899	0.323439459324105	-1.94941441935841	0.0529110467506384	0.630517545795898	0	-4.15969142187214	1	"other"
"g__Tb.RUG.53"	"hdi_diff"	-2.75451184721934e-16	0.354690047358395	-7.76596881624947e-16	0.999999999999999	0	0	0	1	"other"
"g__UBA1181"	"human"	-2.32913237766751	0.554518405436006	-4.20027965678825	4.31690895498728e-05	2.32913237766751	0	-5.45495026782769	0.0267648355209211	"Pan"
"g__UBA1181"	"hdi_diff"	-1.16226208858775e-15	0.608095746561682	-1.91131428752702e-15	0.999999999999998	0	0	0	1	"Pan"
"g__UBA1724"	"human"	-0.614360202600104	0.457928463486464	-1.34160737230142	0.181533975395798	1.20793483881379	0.192284741308657	-1.79523563305594	1	"other"
"g__UBA1724"	"hdi_diff"	-0.593574636213684	0.502173323997596	-1.18201148457764	0.238871482102077	0.59357463621368	0	-4.10028461216466	1	"other"
"g__UBA1731"	"human"	-0.624629482576542	0.424110601361326	-1.47279855908243	0.142676392680273	0.915780418140168	0.0943165002530056	-2.18320752766091	1	"other"
"g__UBA1731"	"hdi_diff"	-0.291150935563628	0.465087993890407	-0.626012581249806	0.532156272861618	0.291150935563626	0	-3.40502649312751	1	"other"
"g__UBA1786"	"human"	-4.12007380932742	0.632993024934428	-6.50887710769676	8.37797864832538e-10	4.12007380932742	0	-6.02346546430919	5.19434676196174e-07	"Pan"
"g__UBA1786"	"hdi_diff"	-1.37109831983559e-15	0.694152551641967	-1.97521181272382e-15	0.999999999999998	0	0	0	1	"Pan"
"g__UBA3206"	"human"	-2.14058003676092	0.509899755453062	-4.19804091660908	4.35568651833354e-05	2.14058003676092	0	-5.37090777628232	0.0270052564136679	"Pan"
"g__UBA3206"	"hdi_diff"	-1.62466943252035e-16	0.559166060899365	-2.90552225202515e-16	1	0	0	0	1	"Pan"
"g__UBA3839"	"human"	-0.530815086791614	0.312548018122491	-1.69834731309536	0.0912935161492591	0.530815086791613	0	-3.99049232851943	1	"other"
"g__UBA3839"	"hdi_diff"	-2.88619137420121e-16	0.342746279570524	-8.42078104485258e-16	0.999999999999999	0	0	0	1	"other"
"g__UBA6857"	"human"	-1.42522950023941	0.445071152076877	-3.20225090659939	0.00163119629643893	1.42522950023941	0	-4.96649495289259	1	"other"
"g__UBA6857"	"hdi_diff"	-4.006452059052e-16	0.48807374442775	-8.20870228073717e-16	0.999999999999999	0	0	0	1	"other"
"g__UMGS1865"	"human"	0.194363150883115	0.408096858953428	0.476267206225411	0.634502834525365	0.765360141908121	0.565819897327155	-0.297532687099993	1	"other"
"g__UMGS1865"	"hdi_diff"	-0.582648772457287	0.447527010252505	-1.30192984805217	0.194722630309728	0.959723292791235	0.37707452033395	-0.918393532142775	1	"other"
"g__W3P20.009"	"human"	-5.84047609306768	0.53082187380214	-11.0027042616648	1.50386051477468e-21	5.84047609306767	0	-6.37169322735078	9.32393519160303e-19	"Pan"
"g__W3P20.009"	"hdi_diff"	-2.42238115954321e-15	0.582109665750733	-4.16138281507337e-15	0.999999999999997	0	0	0	1	"Pan"
"g__12844"	"human"	-0.92488366806022	0.425174137382907	-2.17530556715702	0.0310046866558898	0.92488366806022	0	-4.537837009367	1	"other"
"g__12844"	"hdi_diff"	-2.96366299256088e-16	0.466254288326622	-6.35632329130401e-16	1	0	0	0	1	"other"
"g__Aphodocola"	"human"	-2.08681845900158	0.643710124810088	-3.24186054960258	0.00143218338579364	3.09730012306936	0.518923015922959	-1.77066660678953	0.887953699192055	"other"
"g__Aphodocola"	"hdi_diff"	-0.727097167047558	0.705905133316405	-1.03002107893959	0.304480726441582	1.01048166406778	0.28338449702023	-1.24654598923767	1	"other"
"g__CAG.465"	"human"	0.0215141443024352	0.423140823960749	0.0508439344165734	0.959510282457403	0.424001493610944	0.637093332849485	0.399442563293374	1	"other"
"g__CAG.465"	"hdi_diff"	0.283375340426324	0.464024516994742	0.61069044855993	0.542229832862437	0.445515637913379	0.728890978339703	0.483720336713469	1	"other"
"g__CAJOIG01"	"human"	-3.58339439578807	0.607044288963046	-5.90301969879204	1.92156764998716e-08	3.82142013360984	0.262690699807216	-2.64265262036083	1.19137194299204e-05	"Pan"
"g__CAJOIG01"	"hdi_diff"	0.0364835896034658	0.665696659433227	0.0548051264588407	0.956358836451072	0.238025737821774	0.274509327425241	0.137233516035475	1	"Pan"
"g__Copromorpha"	"human"	-1.30668100384294	0.651162717823061	-2.00668890905084	0.0463866886002352	2.09269858020221	1.07813163304199	-0.658759430598651	1	"other"
"g__Copromorpha"	"hdi_diff"	0.43208537550985	0.714077792812677	0.605095663048015	0.545931902700829	0.786017576359274	1.21810295186912	0.43360467576597	1	"other"
"g__GreatApes002668"	"human"	-1.5236679399892	0.583278804016606	-2.61224637256975	0.00981000285761161	1.5236679399892	0	-5.03283239874022	1	"other"
"g__GreatApes002668"	"hdi_diff"	-4.36795008300788e-16	0.639634963068896	-6.82881695842727e-16	1	0	0	0	1	"other"
"g__GreatApes004107"	"human"	-1.4730021564107	0.565084443824168	-2.6066938711713	0.00996406982147592	1.4730021564107	0	-4.99923870322961	1	"other"
"g__GreatApes004107"	"hdi_diff"	-3.46814327596644e-16	0.619682671249596	-5.59664395483723e-16	1	0	0	0	1	"other"
"g__GreatApes005329"	"human"	-1.75662605162406	0.572568579844755	-3.06797493516035	0.00251292884006736	1.75662605162406	0	-5.17424172796703	1	"other"
"g__GreatApes005329"	"hdi_diff"	-6.82569174042819e-16	0.627889921425952	-1.08708413808059e-15	0.999999999999999	0	0	0	1	"other"
"g__Onthousia"	"human"	-1.58272962582384	0.561016299467152	-2.82118296264672	0.00536153221733749	1.83620964342328	0.405392208889954	-1.49166681934803	1	"other"
"g__Onthousia"	"hdi_diff"	0.224703449617225	0.61522146445168	0.36523993813755	0.715391720775515	0.253480017599435	0.47818346721666	0.616713762041471	1	"other"
"g__RGIG5612"	"human"	-4.72934228828228	0.530500386841982	-8.91487057424332	7.93242051738653e-16	4.72934228828227	0	-6.16106855432097	4.91810072077965e-13	"Pan"
"g__RGIG5612"	"hdi_diff"	-2.33928327137963e-15	0.58175711685221	-4.0210651552268e-15	0.999999999999997	0	0	0	1	"Pan"
"g__RUG11198"	"human"	-3.45398875028761	0.554199137798531	-6.23239647035186	3.57739434281166e-09	3.64929734426132	0.135128465800014	-3.22740710430768	2.21798449254323e-06	"Pan"
"g__RUG11198"	"hdi_diff"	-0.089016439590255	0.607745631415891	-0.146469896267077	0.883726062678354	0.195308593973707	0.106292154383453	-0.568408586622751	1	"Pan"
"g__Scatomonas"	"human"	-2.72874408221035	0.516253808416292	-5.28566382993143	3.84908994612422e-07	2.72874408221034	0	-5.6126696371503	0.000238643576659702	"Pan"
"g__Scatomonas"	"hdi_diff"	-1.27389503880733e-15	0.566134039856403	-2.25016506538e-15	0.999999999999998	0	0	0	1	"Pan"
"g__Scatovivens"	"human"	-1.14141374694384	0.432409258791305	-2.63966074670644	0.00908027742900795	1.14141374694383	0.0891869973557492	-2.45173888084291	1	"other"
"g__Scatovivens"	"hdi_diff"	0.131922433588712	0.474188464200992	0.278206754377717	0.781195758027442	0	0.131922433588712	2.65269557302951	1	"other"
"g__UMGS1124"	"human"	-0.630512017522579	0.366889858082811	-1.7185321524485	0.0875417689618576	0.630512017522579	0	-4.15968279088738	1	"other"
"g__UMGS1124"	"hdi_diff"	-2.17198785750965e-16	0.402338605841865	-5.3984077738822e-16	1	0	0	0	1	"other"
"g__UMGS1663"	"human"	-1.9338675038844	0.542512300019547	-3.5646519052466	0.000474587286585397	1.93386750388441	0.0572685749854242	-3.36374163795432	0.294244117682946	"other"
"g__UMGS1663"	"hdi_diff"	0.0847097671659411	0.594929616159249	0.142386199753865	0.886945579530092	0	0.08470976716594	2.24823203985154	1	"other"
"g__UMGS2068"	"human"	-1.20204976749435	0.495773834185925	-2.42459299908022	0.0163856071544364	1.45030120942365	0.1866374553251	-2.00503629629387	1	"other"
"g__UMGS2068"	"hdi_diff"	-0.0911373551853776	0.543675298907332	-0.167631958576275	0.867074445575901	0.248251441929298	0.157114086743922	-0.435256958118681	1	"other"
"g__AM51.8"	"human"	-1.03758429339699	0.548626258809918	-1.89124067019271	0.0603133061382878	1.57263957423852	1.08897119139426	-0.364719608111974	1	"other"
"g__AM51.8"	"hdi_diff"	0.819333951025916	0.60163430314282	1.36184713329322	0.175069484430053	0.535055280841532	1.35438923186745	0.917574936046399	1	"other"
"g__GreatApes000738"	"human"	-1.23038472375504	0.469613602033884	-2.61999379580633	0.00959861176484178	1.23038472375504	0	-4.82059177857679	1	"other"
"g__GreatApes000738"	"hdi_diff"	-3.93267276804137e-16	0.514987475843615	-7.63644351078469e-16	0.999999999999999	0	0	0	1	"other"
"g__14.2"	"human"	-1.35783977057237	0.539475677203024	-2.51696198355456	0.0127739474550283	2.33179801264798	0.31550759954562	-1.97328848609688	1	"other"
"g__14.2"	"hdi_diff"	-0.973958242075615	0.591599596090415	-1.64631323028619	0.101568710507001	0.97395824207561	0	-4.58899836624271	1	"other"
"g__CADBOM01"	"human"	-1.31563040130855	0.480216093891895	-2.7396632850142	0.00681467358158825	1.31563040130856	0	-4.88705830685394	1	"other"
"g__CADBOM01"	"hdi_diff"	2.01320438331646e-16	0.526614376120698	3.82291953012509e-16	1	0	0	0	1	"other"
"g__Flexilinea"	"human"	-3.53528175972996	0.561755296155061	-6.29327713317031	2.60667823232109e-09	3.53528175972997	0	-5.87078782369667	1.61614050403908e-06	"Pan"
"g__Flexilinea"	"hdi_diff"	5.00633203206944e-16	0.61603186269678	8.12674203271468e-16	0.999999999999999	0	0	0	1	"Pan"
"g__GreatApes000060"	"human"	-4.58340410546618	0.641048470048437	-7.14985577474331	2.54256516189499e-11	4.58340410546617	0	-6.12979157036289	1.57639040037489e-08	"Pan"
"g__GreatApes000060"	"hdi_diff"	-1.9482456415518e-15	0.702986310562266	-2.77138489367388e-15	0.999999999999998	0	0	0	1	"Pan"
"g__GreatApes000701"	"human"	-4.33154401652179	0.68446550602808	-6.32835983460661	2.17028234493218e-09	4.33154401652178	0	-6.07340023500686	1.34557505385795e-06	"Pan"
"g__GreatApes000701"	"hdi_diff"	-2.09005860343179e-15	0.750598282768629	-2.78452356128831e-15	0.999999999999998	0	0	0	1	"Pan"
"g__GreatApes000737"	"human"	-2.70258996537087	0.617967365916598	-4.37335386046198	2.14015987981055e-05	2.70258996537087	0	-5.60307407126166	0.0132689912548254	"Pan"
"g__GreatApes000737"	"hdi_diff"	-6.68195493038648e-16	0.677675119606426	-9.86011546988351e-16	0.999999999999999	0	0	0	1	"Pan"
"g__GreatApes001810"	"human"	-4.75072273400528	0.625935103026463	-7.58980078131906	2.10183864860986e-12	4.75072273400527	0	-6.16556967758073	1.30313996213811e-09	"Pan"
"g__GreatApes001810"	"hdi_diff"	-1.8065044014985e-15	0.686412696211158	-2.63180505178589e-15	0.999999999999998	0	0	0	1	"Pan"
"g__GreatApes001925"	"human"	-4.21347655583325	0.613965796600331	-6.86272196132787	1.24302176572266e-10	4.21347655583325	0	-6.04582880327216	7.70673494748049e-08	"Pan"
"g__GreatApes001925"	"hdi_diff"	-1.32899539191478e-15	0.673286920302418	-1.97389159337573e-15	0.999999999999998	0	0	0	1	"Pan"
"g__GreatApes001981"	"human"	-3.78291275829802	0.543771224999593	-6.9568093793504	7.41715572689768e-11	3.78291275829803	0	-5.93830444771798	4.59863655067656e-08	"Pan"
"g__GreatApes001981"	"hdi_diff"	2.57084174095728e-16	0.596310177955037	4.31124913844943e-16	1	0	0	0	1	"Pan"
"g__GreatApes005645"	"human"	-2.54796593071782	0.539347162105306	-4.72416675147044	4.8561650943204e-06	2.54796593071782	0	-5.54438257033745	0.00301082235847865	"Pan"
"g__GreatApes005645"	"hdi_diff"	-1.2113095688655e-15	0.591458663916613	-2.04800376216364e-15	0.999999999999998	0	0	0	1	"Pan"
"g__Phoenicibacter"	"human"	-1.350871434239	0.500979521472877	-2.69646038677877	0.00772183085412625	1.80689330710624	0.147725395435868	-2.44402783003699	1	"other"
"g__Phoenicibacter"	"hdi_diff"	-0.456021872867246	0.549383957566979	-0.830060409639191	0.407682598530826	0.456021872867244	0	-3.84164747751343	1	"other"
"g__Pseudobutyrivibrio"	"human"	-3.60969787389292	0.669715339968185	-5.38989875021289	2.35515563243724e-07	3.60969787389292	0	-5.8915607480922	0.000146019649211109	"Pan"
"g__Pseudobutyrivibrio"	"hdi_diff"	-5.11613165471378e-16	0.734422961707738	-6.96619240065336e-16	1	0	0	0	1	"Pan"
"g__RGIG7444"	"human"	-2.52355171375922	0.648432652162306	-3.89177149753952	0.000143257837136002	2.70937537745687	1.4408976481186	-0.628219780738462	0.088819859024321	"other"
"g__RGIG7444"	"hdi_diff"	1.85646360195597	0.711083949326393	2.61075166119921	0.00985126498977684	0.185823663697661	2.04228726565363	2.34949561023302	1	"other"
"g__RUG11257"	"human"	-2.65919046345969	0.615923816981075	-4.31740158465312	2.69105313818322e-05	2.6591904634597	0	-5.58694541522058	0.016684529456736	"Pan"
"g__RUG11257"	"hdi_diff"	5.85847319884582e-16	0.675434123810074	8.6736411329037e-16	0.999999999999999	0	0	0	1	"Pan"
"g__VUNA01"	"human"	-2.14483331052241	0.581340611359754	-3.68946065114159	0.000303267234179854	3.13244257737673	0.402100197566114	-2.03148914962861	0.188025685191509	"other"
"g__VUNA01"	"hdi_diff"	-0.866065498322131	0.637509503031692	-1.35851386403424	0.176122027638214	0.987609266854314	0.121543768532185	-2.02602204668332	1	"other"
