gene	in_sgbs	in_sgbs_pan	transfers	losses	transfers_norm	losses_norm	transfers_rank	losses_rank	transfers_quant	losses_quant
aaaT	68	19	37.69	15.656	0.554265	0.230235	702	478	93.3510638297872	63.563829787234
abgT	159	63	49.133	39.541	0.309013	0.248686	154	566	20.4787234042553	75.2659574468085
ackA	178	66	76.536	35.392	0.429978	0.198831	533	302	70.8776595744681	40.1595744680851
acpP-1	58	38	35	7	0.603448	0.12069	727	49	96.6755319148936	6.51595744680851
actI	84	42	31.194	25.418	0.371357	0.302595	361	703	48.0053191489362	93.4840425531915
adk	181	67	83.082	26.74	0.459017	0.147735	591	106	78.5904255319149	14.0957446808511
afr	173	66	52.953	40.135	0.306087	0.231994	145	488	19.281914893617	64.8936170212766
aguB	176	65	65.811	41.573	0.373926	0.23621	368	510	48.936170212766	67.8191489361702
ald	66	12	31	23	0.469697	0.348485	616	741	81.9148936170213	98.5372340425532
algT	113	35	37.146	32.512	0.328726	0.287717	210	673	27.9255319148936	89.4946808510638
amiA	185	68	51.455	32.635	0.278135	0.176405	78	192	10.3723404255319	25.531914893617
ansA	174	64	54.566	36.32	0.313598	0.208736	170	361	22.6063829787234	48.0053191489362
ansR5	174	65	57.056	33.244	0.327908	0.191057	206	265	27.3936170212766	35.2393617021277
apgM	149	64	57.428	44.974	0.385423	0.301839	411	699	54.6542553191489	92.9521276595745
aprN	127	50	34.669	23.993	0.272984	0.188921	63	251	8.37765957446809	33.3776595744681
aqpZ	56	29	24.67	18.99	0.440536	0.339107	560	739	74.468085106383	98.2712765957447
araD	121	50	55.92	30.222	0.462149	0.249769	603	572	80.186170212766	76.063829787234
araJ	77	33	34.515	8.455	0.448247	0.109805	568	41	75.531914893617	5.45212765957447
argB	145	59	57.832	18.504	0.398841	0.127614	453	57	60.2393617021277	7.57978723404255
argC	130	50	61.925	28.225	0.476346	0.217115	626	401	83.2446808510638	53.3244680851064
argD	135	54	60.594	31.16	0.448844	0.230815	573	481	76.1968085106383	63.9627659574468
argE	148	59	54.546	23.698	0.368554	0.160122	354	130	47.0744680851064	17.2872340425532
argF	146	58	34.924	13.6685	0.239205	0.0936199	21	31	2.79255319148936	4.12234042553191
argH	147	60	53.238	32.236	0.362163	0.219293	327	423	43.4840425531915	56.25
argK	49	21	15.254	6.732	0.311306	0.137388	162	81	21.5425531914894	10.7712765957447
argR	180	67	64.788	39.512	0.359933	0.219511	319	425	42.4202127659574	56.5159574468085
arnT	86	32	37.413	17.761	0.435035	0.206523	546	347	72.6063829787234	46.1436170212766
aroA	183	68	50.589	35.233	0.276443	0.19253	71	272	9.44148936170213	36.1702127659574
aroB	177	66	54.955	37.659	0.31048	0.212763	159	383	21.1436170212766	50.9308510638298
aroC	179	65	67.21	32.816	0.375475	0.18333	375	222	49.8670212765957	29.5212765957447
aroE	172	65	61.18	37.522	0.355698	0.218151	309	412	41.0904255319149	54.7872340425532
aroK	183	68	65.993	36.033	0.360617	0.196902	320	293	42.5531914893617	38.9627659574468
aroQ	182	68	76.608	32.176	0.420923	0.176791	507	194	67.4202127659574	25.7978723404255
artQ	51	25	25.975	9.589	0.509314	0.18802	670	245	89.0957446808511	32.5797872340426
asd	176	65	77.186	35.09	0.438557	0.199375	553	304	73.5372340425532	40.4255319148936
asnA	152	58	48.124	33.646	0.316605	0.221355	180	434	23.936170212766	57.7127659574468
aspB	175	68	54.591	39.227	0.311949	0.224154	166	456	22.0744680851064	60.6382978723404
atpB	173	68	74.795	48.615	0.432341	0.281012	537	656	71.4095744680851	87.2340425531915
atpC	173	68	78.132	59.112	0.45163	0.341688	576	740	76.5957446808511	98.4042553191489
atpE	169	67	94.302	37.094	0.558	0.219491	706	424	93.8829787234042	56.3829787234043
atpF	169	67	69.13	51.572	0.409053	0.30516	482	708	64.0957446808511	94.1489361702128
atpG	169	68	56.635	50.411	0.335118	0.29829	234	694	31.1170212765957	92.2872340425532
atpH	171	68	65.159	37.903	0.381047	0.221655	395	439	52.5265957446809	58.3776595744681
azlC	43	28	25.691	2.927	0.597465	0.0680698	726	22	96.5425531914894	2.92553191489362
azlD	41	26	25	4	0.609756	0.097561	731	34	97.2074468085106	4.52127659574468
batA	172	66	55.964	49.036	0.325372	0.285093	196	665	26.063829787234	88.4308510638298
batB	172	66	46.174	40.524	0.268453	0.235605	54	507	7.18085106382979	67.4202127659574
batC	131	41	50.86	27.46	0.388244	0.209618	422	369	56.1170212765957	49.0691489361702
bcp	118	21	61.642	16.074	0.52239	0.13622	682	77	90.6914893617021	10.2393617021277
bcrA	143	50	59	32	0.412587	0.223776	490	451	65.1595744680851	59.9734042553191
bfce	93	42	43.951	29.165	0.472591	0.313602	622	719	82.7127659574468	95.6117021276596
bga	47	29	22	9	0.468085	0.191489	612	267	81.3829787234042	35.5053191489362
bglX-2	47	26	18.433	7.701	0.392191	0.163851	430	141	57.1808510638298	18.75
bioF	174	65	62.556	49.798	0.359517	0.286195	317	669	42.1542553191489	88.9627659574468
birA	181	68	59.949	32.153	0.33121	0.177641	225	196	29.9202127659574	26.063829787234
BT0174	95	31	31.389	12.333	0.330411	0.129821	219	63	29.1223404255319	8.37765957446809
buk	107	38	40.186	16.442	0.37557	0.153664	378	119	50.2659574468085	15.8244680851064
cah	56	10	35.592	8.224	0.635571	0.146857	737	103	98.0053191489362	13.6968085106383
carA	143	52	47.153	46.015	0.329741	0.321783	215	724	28.5904255319149	96.2765957446808
ccmA	122	36	50.492	47.002	0.413869	0.385262	493	747	65.5585106382979	99.3351063829787
ccmH	172	66	47	36	0.273256	0.209302	64	365	8.51063829787234	48.5372340425532
cdd	169	64	59.583	33.161	0.352562	0.196219	300	289	39.8936170212766	38.4308510638298
cdsA	182	68	54.799	22.603	0.301093	0.124192	128	53	17.0212765957447	7.04787234042553
celE	63	27	33.022	12.934	0.524159	0.205302	684	339	90.9574468085106	45.0797872340426
cfa3	60	40	29.298	13.106	0.4883	0.218433	648	416	86.1702127659574	55.3191489361702
cheA	51	24	16	10	0.313725	0.196078	171	286.5	22.7393617021277	38.0984042553191
chrA1	70	29	28.302	20.084	0.404314	0.286914	470	671	62.5	89.2287234042553
cinA	165	60	61.477	45.569	0.372588	0.276176	366	642	48.6702127659574	85.3723404255319
clcB	178	68	43.301	41.669	0.243264	0.234096	24	501	3.19148936170213	66.6223404255319
clpS	85	32	35.423	19.731	0.416741	0.232129	499	491	66.3563829787234	65.2925531914894
clpX	178	68	61.01	34.976	0.342753	0.196494	260	290	34.5744680851064	38.563829787234
cls	170	60	48.083	28.751	0.282841	0.169124	91	153	12.1010638297872	20.3457446808511
coaBC	141	48	48.998	34.322	0.347504	0.243418	281	547	37.3670212765957	72.7393617021277
coaD	177	67	68.71	49.692	0.388192	0.280746	421	655	55.9840425531915	87.1010638297872
coaW	156	60	58.573	36.543	0.375468	0.23425	374	502	49.7340425531915	66.7553191489362
cobB	181	68	72.617	35.149	0.401199	0.194193	460	281	61.1702127659574	37.3670212765957
cobC	40	19	15.213	12.423	0.380325	0.310575	392	715	52.1276595744681	95.0797872340426
cobS	50	19	15.223	12.811	0.30446	0.25622	139	587	18.4840425531915	78.0585106382979
cobT	44	19	17.513	6.461	0.398023	0.146841	450	102	59.8404255319149	13.563829787234
cobU	44	19	12.501	11.499	0.284114	0.261341	95	604	12.6329787234043	80.3191489361702
cobW	152	63	48.499	28.501	0.319072	0.187507	188	243	25	32.313829787234
comEB	169	63	67.435	36.733	0.399024	0.217355	454	405	60.3723404255319	53.8563829787234
comEC	175	65	46.821	46.011	0.267549	0.26292	51	608	6.78191489361702	80.8510638297872
copZ	63	17	30.701	12.897	0.487317	0.204714	644	333	85.6382978723404	44.281914893617
corA	180	67	69.607	41.307	0.386706	0.229483	418	474	55.5851063829787	63.031914893617
CP_0153	73	29	31.168	13.496	0.426959	0.184877	525	232	69.813829787234	30.8510638297872
CP_0160	72	30	27.664	19.008	0.384222	0.264	407	612	54.1223404255319	81.3829787234042
CP_0228	178	67	50.634	25.098	0.284461	0.141	96	94	12.7659574468085	12.5
CP_1064	50	16	32	8	0.64	0.16	738	128	98.1382978723404	17.0212765957447
crcB	145	45	64.141	29.475	0.442352	0.203276	561	323	74.6010638297872	42.9521276595745
crtF	59	39	30.841	9.477	0.522729	0.160627	683	134	90.8244680851064	17.8191489361702
crtI	54	38	27	11	0.5	0.203704	659	325	87.6329787234042	43.218085106383
ctc	175	68	66.164	37.036	0.37808	0.211634	386	376	51.3297872340426	50
cutC	101	37	40	19	0.39604	0.188119	445	247	59.1755319148936	32.8457446808511
cvfB	181	67	52.346	34.9	0.289204	0.192818	104	274	13.8297872340426	36.436170212766
cyaA	184	68	62.481	37.519	0.339571	0.203908	251	326	33.3776595744681	43.3510638297872
cydA	103	2	44.606	23.182	0.433068	0.225068	539	459	71.6755319148936	61.0372340425532
cydB	101	2	42.164	24.508	0.417465	0.242653	501	543	66.6223404255319	72.2074468085106
cynR	79	20	38	15	0.481013	0.189873	635	257	84.4414893617021	34.1755319148936
cypM_1	47	12	23	6	0.489362	0.12766	649	58	86.3031914893617	7.71276595744681
cysK	145	57	60.185	31.445	0.415069	0.216862	496	400	65.9574468085106	53.1914893617021
czcC	88	48	35.897	16.769	0.40792	0.190557	477	262	63.4308510638298	34.8404255319149
dacA	181	67	55.794	31.572	0.308254	0.174431	152	180	20.2127659574468	23.936170212766
dagK	173	65	46.978	45.058	0.271549	0.260451	59	602	7.84574468085106	80.0531914893617
dapA	173	65	50.519	50.481	0.292017	0.291798	109	681	14.4946808510638	90.5585106382979
dapB	180	68	60.724	39.798	0.337356	0.2211	243	433	32.313829787234	57.5797872340426
dapF	163	67	53.603	42.185	0.328853	0.258804	212	597	28.1914893617021	79.3882978723404
dapH	102	32	46.559	23.323	0.456461	0.228657	586	472	77.9255319148936	62.7659574468085
dbpA	165	59	48.543	38.457	0.2942	0.233073	113	498	15.0265957446809	66.2234042553192
dcuA	52	7	29	13	0.557692	0.25	704	574.5	93.6170212765958	76.3962765957447
ddh	180	67	65.212	42.968	0.362289	0.238711	328	524	43.6170212765957	69.6808510638298
ddl	182	66	73.438	32.384	0.403505	0.177934	467	197	62.1010638297872	26.1968085106383
ddpX	46	5	15.734	16.798	0.342043	0.365174	257	744	34.1755319148936	98.936170212766
dedA	174	66	68.332	48.004	0.392713	0.275885	432	641	57.4468085106383	85.2393617021277
def	181	68	57.632	43.65	0.318409	0.24116	185	538	24.6010638297872	71.5425531914894
deoC	181	68	67.956	47.868	0.375448	0.264464	373	615	49.6010638297872	81.781914893617
der	181	68	54.667	41.999	0.302028	0.232039	132	490	17.5531914893617	65.1595744680851
dfrA	83	33	31.402	26.794	0.378337	0.322819	388	726	51.5957446808511	96.5425531914894
dfx	104	17	59.666	20.002	0.573712	0.192327	716	270	95.2127659574468	35.9042553191489
dinF	170	60	43.9	35.258	0.258235	0.2074	40	350	5.31914893617021	46.5425531914894
divIC	182	68	48.079	29.127	0.26417	0.160038	44	129	5.85106382978723	17.1542553191489
djlA	140	46	40.653	39.003	0.290379	0.278593	105	648	13.9627659574468	86.1702127659574
dksA	159	63	63.58	41.58	0.399874	0.261509	456	605	60.6382978723404	80.4521276595745
dnaA	185	68	49.499	24.503	0.267562	0.132449	52	69	6.91489361702128	9.17553191489362
dnaJ	179	68	55.548	42.388	0.310324	0.236804	156	513	20.7446808510638	68.218085106383
dnaJ2	135	52	44.825	27.761	0.332037	0.205637	228	340	30.3191489361702	45.2127659574468
dnaX	183	68	49.794	24.11	0.272098	0.131749	61	67	8.11170212765957	8.90957446808511
dpm1	182	68	60	38	0.32967	0.208791	214	362	28.4574468085106	48.1382978723404
dpp	169	64	45.31	46.27	0.268107	0.273787	53	638	7.04787234042553	84.8404255319149
dxr	182	67	55.494	28.506	0.304912	0.156626	141	121	18.75	16.0904255319149
eamA	99	37	48.031	24.561	0.485162	0.248091	641	563	85.2393617021277	74.8670212765958
eda	128	48	59.121	31.613	0.461883	0.246977	601	558	79.9202127659574	74.2021276595745
efp	180	67	86.934	31.174	0.482967	0.173189	637	176	84.7074468085106	23.4042553191489
eglS	40	20	21	7	0.525	0.175	686	183	91.2234042553192	24.3351063829787
engB	172	67	59.307	46.993	0.344808	0.273215	271	634	36.0372340425532	84.3085106382979
enpP	44	14	18.568	6.296	0.422	0.143091	509	97	67.686170212766	12.8989361702128
envC	181	67	48	24	0.265193	0.132597	46	70	6.11702127659574	9.30851063829787
era	181	68	61.662	53.982	0.340674	0.298243	254	693	33.7765957446809	92.1542553191489
estA	45	4	17.388	13.836	0.3864	0.307467	417	711	55.4521276595745	94.5478723404255
estS	44	14	25.268	7.7	0.574273	0.175	717	183	95.3457446808511	24.3351063829787
etfA	180	66	87.023	46.537	0.483461	0.258539	639	595	84.9734042553192	79.1223404255319
exbD1	169	63	59.214	52.358	0.350379	0.309811	290	714	38.563829787234	94.9468085106383
f42a	76	19	36.855	16.435	0.484934	0.21625	640	396	85.1063829787234	52.6595744680851
fabD	171	65	66.865	48.437	0.391023	0.283257	427	660	56.781914893617	87.7659574468085
fabF	182	68	70.177	33.811	0.385588	0.185775	413	237	54.9202127659574	31.5159574468085
fabF-1	59	39	29.903	8.291	0.506831	0.140525	666	92	88.563829787234	12.2340425531915
fabG	183	67	91.846	37.462	0.501891	0.20471	664	332	88.2978723404255	44.1489361702128
fabG3	65	43	37.846	4.462	0.582246	0.0686462	722	23	96.0106382978723	3.05851063829787
fabI	130	43	67.817	19.549	0.521669	0.150377	680	115	90.4255319148936	15.2925531914894
fabK	52	17	18	13	0.346154	0.25	276	574.5	36.7021276595745	76.3962765957447
fcbC	57	37	35	11	0.614035	0.192982	734	276	97.6063829787234	36.7021276595745
fdxB	73	29	38.651	13.047	0.529466	0.178726	689	200	91.6223404255319	26.5957446808511
ffh	180	67	55.244	30.76	0.306911	0.170889	148	165	19.6808510638298	21.9414893617021
fhs	132	58	43.661	22.017	0.330765	0.166795	221	147	29.3882978723404	19.5478723404255
fhuC	177	64	55.498	36.53	0.313548	0.206384	169	345	22.4734042553191	45.8776595744681
fieF	94	6	47.652	22.044	0.506936	0.234511	667	505	88.6968085106383	67.1542553191489
fjo13	172	67	62.993	39.703	0.366238	0.230831	341	483	45.3457446808511	64.2287234042553
fjo27	124	42	41.145	28.565	0.331815	0.230363	227	479	30.186170212766	63.6968085106383
fkl	117	48	66.527	23.947	0.568607	0.204675	711	331	94.5478723404255	44.0159574468085
fklB	65	31	28.229	14.313	0.434292	0.2202	542	429	72.0744680851064	57.0478723404255
fklB_2	183	68	52.283	34.681	0.285699	0.189514	100	255	13.2978723404255	33.9095744680851
fkp	85	34	26.509	23.491	0.311871	0.276365	164	643	21.8085106382979	85.5053191489362
fldA	161	61	68.97	40.09	0.428385	0.249006	529	567	70.3457446808511	75.3989361702128
folA	181	68	32.2405	17.9795	0.178124	0.0993343	17	35	2.26063829787234	4.65425531914894
folB	173	64	56.148	25.7	0.324555	0.148555	194	108	25.7978723404255	14.3617021276596
folC	175	67	53.418	32.746	0.305246	0.18712	142	241	18.8829787234043	32.0478723404255
folD	179	66	73.1	40.004	0.40838	0.223486	479	449	63.6968085106383	59.7074468085106
folE	183	68	77.912	42.574	0.425749	0.232645	523	494	69.5478723404255	65.6914893617021
folP	180	66	70.679	28.843	0.392661	0.160239	431	132	57.313829787234	17.5531914893617
fprA	140	45	65	38	0.464286	0.271429	606	630	80.5851063829787	83.7765957446808
frr	178	66	61.022	32.934	0.34282	0.185022	261	234	34.7074468085106	31.1170212765957
fsr	93	30	53.487	18.539	0.575129	0.199344	718	303	95.4787234042553	40.2925531914894
ftcD	67	8	27	13	0.402985	0.19403	465	279	61.8351063829787	37.1010638297872
ftnA	84	15	44.69	23.93	0.532024	0.284881	692	664	92.0212765957447	88.2978723404255
ftsE	175	66	57.217	38.077	0.326954	0.217583	202	406	26.8617021276596	53.9893617021277
ftsQ	183	68	52.095	33.715	0.284672	0.184235	97	226	12.8989361702128	30.0531914893617
ftsW	184	68	45.9	31.778	0.249457	0.172707	31	175	4.12234042553191	23.2712765957447
ftsX	182	68	53.816	32.552	0.295692	0.178857	117	203	15.5585106382979	26.9946808510638
ftsY	174	66	52.183	44.693	0.299902	0.256856	125	588	16.6223404255319	78.1914893617021
fucI	58	28	25.796	7.612	0.444759	0.131241	565	65	75.1329787234042	8.6436170212766
galA	67	19	32	18	0.477612	0.268657	629	622	83.6436170212766	82.7127659574468
galE	169	68	65.619	41.049	0.388278	0.242893	423	544	56.25	72.3404255319149
garD	103	39	45.746	21.038	0.444136	0.204252	562	328	74.7340425531915	43.6170212765957
gatC	107	43	45.117	18.247	0.421654	0.170533	508	162	67.5531914893617	21.5425531914894
gcvH	117	35	47.831	22.539	0.408812	0.192641	480	273	63.8297872340426	36.3031914893617
gcvPA	117	35	33.684	29.094	0.287897	0.248667	103	565	13.6968085106383	75.1329787234042
gcvPB	119	36	42.515	30.463	0.357269	0.255992	314	586	41.7553191489362	77.9255319148936
gcvT	118	35	41.349	28.229	0.350415	0.239229	291	528	38.6968085106383	70.2127659574468
gldB	160	56	50.821	34.773	0.317631	0.217331	184	404	24.468085106383	53.7234042553191
gldE	162	67	43	38	0.265432	0.234568	47	506	6.25	67.2872340425532
gldH	176	67	48.045	33.871	0.272983	0.192449	62	271	8.24468085106383	36.0372340425532
gldK	175	65	52.17	36.496	0.298114	0.208549	122	360	16.2234042553191	47.8723404255319
gldL	175	65	57.984	35.528	0.331337	0.203017	226	322	30.0531914893617	42.8191489361702
gldM	176	66	49.441	32.689	0.280915	0.185733	85	236	11.3031914893617	31.3829787234043
gldN	176	66	48.731	28.807	0.276881	0.163676	72	140	9.57446808510638	18.6170212765957
glgA	169	67	0	0	0	0	8.5	9	1.13031914893617	1.1968085106383
glnS	175	67	51.94	39.18	0.2968	0.223886	119	452	15.8244680851064	60.1063829787234
glpE	89	12	47	15	0.52809	0.168539	688	151	91.4893617021277	20.0797872340426
glpK	37	13	18	7	0.486486	0.189189	642.5	254	85.438829787234	33.7765957446809
gltD	124	51	50.045	31.865	0.403589	0.256976	468	591	62.2340425531915	78.5904255319149
glxK	113	25	57.632	24.216	0.510018	0.214301	672	390	89.3617021276596	51.8617021276596
glyA	174	65	67.216	48.34	0.386299	0.277816	416	645	55.3191489361702	85.7712765957447
gmk	183	66	83.022	24.9	0.453672	0.136066	581	76	77.2606382978723	10.1063829787234
gntR	120	35	62.337	26.355	0.519475	0.219625	677	427	90.0265957446808	56.781914893617
gpr	69	32	32	17	0.463768	0.246377	604	556	80.3191489361702	73.936170212766
gpsA	151	54	51.254	33.73	0.33943	0.223377	250	448	33.2446808510638	59.5744680851064
groS	178	65	44.2245	22.1575	0.248452	0.12448	28	54	3.72340425531915	7.18085106382979
grpE	177	67	59.966	29.424	0.338791	0.166237	249	146	33.1117021276596	19.4148936170213
gspK	175	63	57.518	46.388	0.328674	0.265074	209	616	27.7925531914894	81.9148936170213
guaB	181	68	61.481	34.557	0.339674	0.190923	252	264	33.5106382978723	35.1063829787234
hcp	41	5	0	0	0	0	8.5	9	1.13031914893617	1.1968085106383
hddC	183	68	70	32	0.382514	0.174863	400	181	53.1914893617021	24.0691489361702
himA	166	64	63.01	39.324	0.379578	0.236892	390	514	51.8617021276596	68.3510638297872
hincIIM	37	19	27.777	8.669	0.75073	0.234297	749	503	99.6010638297872	66.8882978723404
hipA_2	76	21	43.045	13.865	0.566382	0.182434	710	217	94.4148936170213	28.8563829787234
hisA	135	55	50.896	34.312	0.377007	0.254163	381	585	50.6648936170213	77.7925531914894
hisB	129	53	48.354	30.938	0.374837	0.239829	372	529	49.468085106383	70.3457446808511
hisD	132	53	45.504	27.496	0.344727	0.208303	269	356	35.7712765957447	47.3404255319149
hisF	122	50	46.616	30.148	0.382098	0.247115	398	559	52.9255319148936	74.3351063829787
hisG	131	52	42.832	28.504	0.326962	0.217588	203	407	26.9946808510638	54.1223404255319
hisH	135	55	0	0	0	0	8.5	9	1.13031914893617	1.1968085106383
hisS	174	66	59.505	40.485	0.341983	0.232672	256	495	34.0425531914894	65.8244680851064
hit	173	67	67.735	48.817	0.391532	0.282179	429	659	57.0478723404255	87.6329787234042
holA	176	67	51.517	26.461	0.29271	0.150347	110	114	14.6276595744681	15.1595744680851
hprA	161	55	53.524	31.476	0.332447	0.195503	230	283	30.5851063829787	37.6329787234043
hpt	181	66	69.788	33.822	0.385569	0.186862	412	240	54.7872340425532	31.9148936170213
hslR	170	65	65.473	35.527	0.385135	0.208982	409	364	54.3882978723404	48.4042553191489
htpX	60	23	21	15	0.35	0.25	289	574.5	38.4308510638298	76.3962765957447
htrA	170	64	52.362	37.224	0.308012	0.218965	150	422	19.9468085106383	56.1170212765957
hupA	171	66	72.694	42.594	0.425111	0.249088	522	568	69.4148936170213	75.531914893617
hupB	176	68	78.303	36.091	0.444903	0.205063	566	337	75.2659574468085	44.813829787234
hutH	69	8	29	16	0.42029	0.231884	506	487	67.2872340425532	64.7606382978723
hutI	68	8	31	10	0.455882	0.147059	585	104	77.7925531914894	13.8297872340426
hxlR	68	34	41.739	15.419	0.613809	0.22675	733	463	97.4734042553192	61.5691489361702
hypB	69	14	30	18	0.434783	0.26087	544.5	603	72.406914893617	80.186170212766
icd	109	41	50.663	26.171	0.464798	0.240101	607	531	80.718085106383	70.6117021276596
idsA	183	68	60.366	24.268	0.329869	0.132612	217	71	28.8563829787234	9.44148936170213
ilvA	95	40	39	26	0.410526	0.273684	484	637	64.3617021276596	84.7074468085106
ilvB	148	61	52.039	38.883	0.351615	0.262723	298	607	39.6276595744681	80.718085106383
ilvD	148	61	58.495	32.499	0.395236	0.219588	442	426	58.7765957446809	56.6489361702128
ilvE	181	67	66.272	29.504	0.366144	0.163006	340	138	45.2127659574468	18.3510638297872
ilvN	146	61	56.341	32.407	0.385897	0.221966	415	442	55.186170212766	58.7765957446809
infC	169	65	59.622	40.676	0.352793	0.240686	301	534	40.0265957446809	71.0106382978723
ino1	121	39	57.886	25.342	0.478397	0.209438	630	366	83.7765957446808	48.6702127659574
intIA	42	10	36	2	0.857143	0.047619	752	18	100	2.3936170212766
ispB	181	68	62.36	29.968	0.34453	0.165569	268	145	35.6382978723404	19.281914893617
ispE	168	65	51.763	41.889	0.308113	0.249339	151	570	20.0797872340426	75.7978723404255
ispF	180	68	74.216	39.352	0.412311	0.218622	489	417	65.0265957446808	55.4521276595745
ispH	183	68	64.485	27.495	0.352377	0.150246	299	113	39.7606382978723	15.0265957446809
IV02_08645	171	65	54.214	47.672	0.317041	0.278784	182	649	24.2021276595745	86.3031914893617
JD73_00815	104	40	28.022	29.978	0.269442	0.28825	56	675	7.4468085106383	89.7606382978723
kbl	53	13	24	6	0.45283	0.113208	579	42	76.9946808510638	5.58510638297872
kdsA	157	60	56.294	32.118	0.358561	0.204573	316	329	42.0212765957447	43.75
kdsB	157	63	0	0	0	0	8.5	9	1.13031914893617	1.1968085106383
kdsC	169	64	65.971	53.141	0.390361	0.314444	425	720	56.5159574468085	95.7446808510638
kdsD	157	60	51.943	41.917	0.330847	0.266987	222	619	29.5212765957447	82.313829787234
korA	116	42	38.283	19.133	0.330026	0.16494	218	144	28.9893617021277	19.1489361702128
korB	115	40	36.209	26.905	0.314861	0.233957	175	500	23.2712765957447	66.4893617021277
ksgA	179	68	75.6	38.99	0.422346	0.217821	512	410	68.0851063829787	54.5212765957447
lacX	87	32	31.88	15.924	0.366437	0.183034	343	219	45.6117021276596	29.1223404255319
ldpA	118	44	66.474	18.578	0.563339	0.157441	709	123	94.281914893617	16.3563829787234
lemA	173	67	68.093	32.721	0.393601	0.189139	439	253	58.3776595744681	33.6436170212766
leuA2	126	48	56.55	30.708	0.44881	0.243714	572	548	76.063829787234	72.8723404255319
leuB	134	55	59	32	0.440299	0.238806	558	525	74.2021276595745	69.813829787234
leuC	134	54	55.403	44.129	0.413455	0.329321	492	731	65.4255319148936	97.2074468085106
leuD	134	54	59.015	49.019	0.44041	0.365813	559	745	74.3351063829787	99.0691489361702
lgt	177	67	59.88	33.654	0.338305	0.190136	247	259	32.8457446808511	34.4414893617021
lldE	117	37	44.555	35.335	0.380812	0.302009	393	701	52.2606382978723	93.218085106383
lldF	117	37	45.643	36.071	0.390111	0.308299	424	713	56.3829787234043	94.813829787234
lldG	118	38	51.377	26.869	0.435398	0.227703	547	468	72.7393617021277	62.2340425531915
lolA	61	41	30.597	12.703	0.50159	0.208246	662	355	88.031914893617	47.2074468085106
lolD	179	67	73.599	32.169	0.411168	0.179715	485	206	64.4946808510638	27.3936170212766
lolE	181	67	48.152	30.666	0.266033	0.169425	49	157	6.51595744680851	20.8776595744681
lolE_1	173	67	42.246	34.742	0.244197	0.200821	25	313	3.32446808510638	41.6223404255319
lpdA	120	37	44.235	24.761	0.368625	0.206342	355	344	47.2074468085106	45.7446808510638
lplA	92	27	32.103	29.765	0.348946	0.323533	286	728	38.031914893617	96.8085106382979
lpsA	37	17	27	0	0.72973	0	747	9	99.3351063829787	1.1968085106383
lptB	179	67	58.753	48.197	0.328229	0.269257	208	625	27.6595744680851	83.1117021276596
lptC	175	68	52.826	36.48	0.301863	0.208457	130	359	17.2872340425532	47.7393617021277
lptD	181	68	0	0	0	0	8.5	9	1.13031914893617	1.1968085106383
lptE	173	62	60.771	32.687	0.351277	0.188942	297	252	39.4946808510638	33.5106382978723
lptG	173	64	51.303	45.639	0.296549	0.263809	118	609	15.6914893617021	80.9840425531915
lpxB	182	68	50.884	36.354	0.279582	0.199747	82	308	10.9042553191489	40.9574468085106
lpxD	170	65	61.616	52.338	0.362447	0.307871	329	712	43.75	94.6808510638298
lpxH	177	66	66.524	43.476	0.375842	0.245627	379	551	50.3989361702128	73.2712765957447
lrgA	120	57	54.845	25.271	0.457042	0.210592	587	371	78.0585106382979	49.3351063829787
lrgB	122	58	51.722	20.834	0.423951	0.17077	517	163	68.75	21.6755319148936
lspA	172	68	57.208	42.376	0.332605	0.246372	231	555	30.718085106383	73.8031914893617
ltaE	75	27	41.328	12.016	0.55104	0.160213	699	131	92.9521276595745	17.4202127659574
ltaS2	118	49	43	28	0.364407	0.237288	334	517	44.4148936170213	68.75
ltd	53	13	21.353	8.941	0.402887	0.168698	464	152	61.7021276595745	20.2127659574468
luxS	169	55	82.406	23.782	0.487609	0.140722	645	93	85.7712765957447	12.3670212765957
lytG	171	68	42.655	37.035	0.249444	0.216579	30	398	3.98936170212766	52.9255319148936
MA20_36900	65	24	25.833	15.501	0.397431	0.238477	448	521	59.5744680851064	69.281914893617
macA_1	155	68	52.363	41.897	0.337826	0.270303	245	628	32.5797872340426	83.5106382978723
macB	156	68	64.967	34.419	0.416455	0.220635	497	430	66.0904255319149	57.1808510638298
maf	170	64	59.655	41.035	0.350912	0.241382	295	540	39.2287234042553	71.8085106382979
mazG	171	65	53.463	42.597	0.312649	0.249105	167	569	22.2074468085106	75.6648936170213
mce	43	21	17.934	13.198	0.41707	0.30693	500	710	66.4893617021277	94.4148936170213
mdsC	85	32	33.564	7.308	0.394871	0.0859765	441	28	58.6436170212766	3.72340425531915
menB	169	65	0	0	0	0	8.5	9	1.13031914893617	1.1968085106383
menC	167	65	51.004	46.996	0.305413	0.281413	143	657	19.0159574468085	87.3670212765958
menE	168	65	55.056	41.298	0.327714	0.245821	205	553	27.2606382978723	73.5372340425532
menF	166	64	60.716	28.938	0.365759	0.174325	338	179	44.9468085106383	23.8031914893617
menG	172	64	62.43	32.66	0.362965	0.189884	332	258	44.1489361702128	34.3085106382979
menI	172	65	59	33	0.343023	0.19186	263	268	34.9734042553191	35.6382978723404
mepM_1	166	58	0	0	0	0	8.5	9	1.13031914893617	1.1968085106383
metAA	171	67	61.044	38.868	0.356982	0.227298	313	466	41.6223404255319	61.968085106383
metF	151	62	48.103	29.691	0.318563	0.196629	186	291	24.7340425531915	38.6968085106383
metH_2	130	53	43.012	31.964	0.330862	0.245877	223	554	29.6542553191489	73.6702127659574
metY-3	103	49	44	13	0.427184	0.126214	526	55	69.9468085106383	7.31382978723404
miaB	181	68	64.153	40.565	0.354436	0.224116	305	454	40.5585106382979	60.3723404255319
mip	182	68	58.583	24.251	0.321885	0.133247	189	73	25.1329787234043	9.70744680851064
mkl	180	68	62.063	33.755	0.344794	0.187528	270	244	35.9042553191489	32.4468085106383
mlaE	180	68	62.363	28.897	0.346461	0.160539	278	133	36.968085106383	17.686170212766
mleN	150	64	43.791	44.593	0.29194	0.297287	108	689	14.3617021276596	91.6223404255319
mltF	153	62	39.501	35.499	0.258176	0.23202	39	489	5.18617021276596	65.0265957446808
mnmA	183	68	63.246	36.15	0.345607	0.197541	273	296	36.3031914893617	39.3617021276596
mnmE	173	66	68.919	49.243	0.398376	0.284642	452	662	60.1063829787234	88.031914893617
modF	134	58	42.279	35.427	0.315515	0.264381	177	614	23.5372340425532	81.6489361702128
motB	176	64	65.622	39.158	0.372852	0.222489	367	445	48.8031914893617	59.1755319148936
moxR	173	66	54.711	47.293	0.316249	0.27337	179	635	23.8031914893617	84.4414893617021
mraY	182	67	62.49	32.53	0.343352	0.178736	265	201	35.2393617021277	26.7287234042553
mraZ	125	44	42.323	17.031	0.338584	0.136248	248	78	32.9787234042553	10.3723404255319
mrcA	177	67	47	32	0.265537	0.180791	48	210	6.38297872340426	27.9255319148936
mreB	182	67	66.724	54.276	0.366615	0.29822	344	692	45.7446808510638	92.0212765957447
mreC	183	68	45	25	0.245902	0.136612	26	79	3.45744680851064	10.5053191489362
mreD	183	68	51.971	19.087	0.283995	0.104301	93	36	12.3670212765957	4.78723404255319
mrp	181	67	65.341	52.399	0.361	0.289497	323	678	42.9521276595745	90.1595744680851
mscL	168	65	70.16	41.89	0.417619	0.249345	502	571	66.7553191489362	75.9308510638298
msrA	43	2	21.682	5.954	0.504233	0.138465	665	82	88.4308510638298	10.9042553191489
msrC	78	21	35.807	18.579	0.459064	0.238192	592	520	78.7234042553192	69.1489361702128
mtgA	175	67	52.237	38.289	0.298497	0.218794	123	421	16.3563829787234	55.9840425531915
mtrC	180	67	73.618	43.366	0.408989	0.240922	481	537	63.9627659574468	71.4095744680851
mug	165	52	59.324	35.482	0.359539	0.215042	318	392	42.2872340425532	52.1276595744681
murA	180	67	54.634	38.752	0.303522	0.215289	137	393	18.218085106383	52.2606382978723
murB	179	67	49.369	35.121	0.275804	0.196207	70	288	9.30851063829787	38.2978723404255
murD	184	68	60.076	43.958	0.3265	0.238902	200	527	26.5957446808511	70.0797872340426
murF	179	65	70.866	31.344	0.395899	0.175106	444	185	59.0425531914894	24.6010638297872
murG	183	68	54.431	30.069	0.297437	0.164311	121	143	16.0904255319149	19.0159574468085
murI	182	68	56.486	30.542	0.310363	0.167813	157	148	20.8776595744681	19.6808510638298
murQ	71	17	33.732	10.804	0.475099	0.152169	624	117	82.9787234042553	15.5585106382979
mutT	51	21	37.244	7.268	0.730275	0.14251	748	96	99.468085106383	12.7659574468085
mutY	96	35	41.288	20.112	0.430083	0.2095	534	367	71.0106382978723	48.8031914893617
nadA	172	63	68	38	0.395349	0.22093	443	431	58.9095744680851	57.313829787234
nadC	169	64	66.491	43.835	0.393438	0.259379	437	598	58.1117021276596	79.5212765957447
nadE	176	66	54.683	30.951	0.310699	0.175858	160	189	21.2765957446809	25.1329787234043
nadK	184	68	55.964	34.622	0.304152	0.188163	138	248	18.3510638297872	32.9787234042553
nagZ2	37	17	18	6	0.486486	0.162162	642.5	137	85.438829787234	18.218085106383
nagZ3	75	30	33.799	9.603	0.450653	0.12804	574	60	76.3297872340426	7.97872340425532
nanA	56	21	34.454	12.106	0.61525	0.216179	735	395	97.7393617021277	52.5265957446809
nanE	58	21	28	13	0.482759	0.224138	636	455	84.5744680851064	60.5053191489362
ndhD	173	65	69.573	41.281	0.402156	0.238618	463	522	61.5691489361702	69.4148936170213
ndk	69	34	29.658	17.792	0.429826	0.257855	532	593	70.7446808510638	78.8563829787234
nfeD	168	59	51.66	48.756	0.3075	0.290214	149	679	19.813829787234	90.2925531914894
nfrA2	131	55	63.299	33.103	0.483198	0.252695	638	580	84.8404255319149	77.1276595744681
nimB	40	9	22.094	10.718	0.55235	0.26795	700	620	93.0851063829787	82.4468085106383
nlpD_2	135	54	47.642	22.074	0.352904	0.163511	302	139	40.1595744680851	18.4840425531915
nnrD	182	67	46.031	32.969	0.252918	0.181148	33	213	4.38829787234043	28.3244680851064
noc	183	68	49.721	27.279	0.271699	0.149066	60	110	7.97872340425532	14.6276595744681
nodN	161	60	70.193	34.375	0.435981	0.213509	549	385	73.0053191489362	51.1968085106383
nqrA	165	59	60.234	32.688	0.365055	0.198109	336	299	44.6808510638298	39.7606382978723
nqrB	166	59	64.02	50.29	0.385663	0.302952	414	705	55.0531914893617	93.75
nqrC	161	57	70.626	27.122	0.438671	0.16846	554	150	73.6702127659574	19.9468085106383
nqrD	162	58	74.397	46.475	0.459241	0.286883	593	670	78.8563829787234	89.0957446808511
nqrE	162	58	77.536	38.464	0.478617	0.237432	631	519	83.9095744680851	69.0159574468085
nrnA	180	68	50.074	37.782	0.278189	0.2099	79	370	10.5053191489362	49.2021276595745
nudC	168	66	61.005	30.985	0.363125	0.184435	333	227	44.281914893617	30.186170212766
nudF	106	33	55.157	22.695	0.520349	0.214104	679	388	90.2925531914894	51.5957446808511
nuoA	173	63	81.049	52.365	0.468491	0.302688	614	704	81.6489361702128	93.6170212765958
nuoB	172	64	78.24	38.336	0.454884	0.222884	582	446	77.3936170212766	59.3085106382979
nuoI	170	65	78.557	51.329	0.4621	0.301935	602	700	80.0531914893617	93.0851063829787
nuoJ	170	65	65.135	54.955	0.383147	0.323265	402	727	53.4574468085106	96.6755319148936
nuoK	168	64	76.509	50.491	0.455411	0.300542	584	697	77.6595744680851	92.686170212766
nupG	157	58	51.955	37.135	0.330924	0.236529	224	512	29.7872340425532	68.0851063829787
nusA	183	67	53.985	35.879	0.295	0.19606	116	285	15.4255319148936	37.8989361702128
nusB	176	68	58.187	32.951	0.330608	0.187222	220	242	29.2553191489362	32.1808510638298
oadB	78	37	29.602	16.194	0.379513	0.207615	389	352	51.7287234042553	46.8085106382979
oatA	51	26	29.738	8.786	0.583098	0.172275	723	173	96.1436170212766	23.0053191489362
ogt	138	50	83.559	18.323	0.6055	0.132775	729	72	96.9414893617021	9.57446808510638
omp	175	64	57.001	37.997	0.32572	0.217126	198	402	26.3297872340426	53.4574468085106
paaD	179	67	84.228	37.514	0.470547	0.209575	617	368	82.0478723404255	48.936170212766
pabB	69	13	44.361	10.917	0.642913	0.158217	741	124	98.5372340425532	16.4893617021277
panB	141	50	47.435	44.783	0.336418	0.31761	239	722	31.781914893617	96.0106382978723
panC	144	49	55.494	30.518	0.385375	0.211931	410	378	54.5212765957447	50.2659574468085
panD	143	49	68.61	26.962	0.47979	0.188545	632	250	84.0425531914894	33.2446808510638
pbuX	105	34	52	12	0.495238	0.114286	657	43	87.3670212765958	5.71808510638298
pdxJ	46	20	20	9	0.434783	0.195652	544.5	284	72.406914893617	37.7659574468085
pdxK	99	38	49.627	18.275	0.501283	0.184596	661	229	87.8989361702128	30.4521276595745
pdxS	131	48	67.424	37.69	0.514687	0.28771	674	672	89.6276595744681	89.3617021276596
pdxT	129	47	65.745	26.765	0.509651	0.207481	671	351	89.2287234042553	46.6755319148936
pepI	54	23	29	8	0.537037	0.148148	693	107	92.1542553191489	14.2287234042553
pepP	170	64	53.856	34.432	0.3168	0.202541	181	321	24.0691489361702	42.686170212766
pepQ	176	64	61.58	41.272	0.349886	0.2345	288	504	38.2978723404255	67.0212765957447
pepR	178	65	58.713	23.317	0.329848	0.130994	216	64	28.7234042553191	8.51063829787234
pepT	185	68	52.991	29.363	0.286438	0.158719	101	125	13.4308510638298	16.6223404255319
pfkA	172	68	58.981	50.037	0.342913	0.290913	262	680	34.8404255319149	90.4255319148936
pflA	125	59	53.51	15.47	0.42808	0.12376	527	52	70.0797872340426	6.91489361702128
pgdA_1	180	67	61.264	53.666	0.340356	0.298144	253	691	33.6436170212766	91.8882978723404
pgmB	148	65	44.842	31.77	0.302986	0.214662	135	391	17.9521276595745	51.9946808510638
pgpA	78	35	31.272	20.184	0.400923	0.258769	459	596	61.0372340425532	79.2553191489362
pgsA1	74	32	27	18	0.364865	0.243243	335	546	44.5478723404255	72.6063829787234
pheA	156	63	56.575	38.593	0.36266	0.247391	331	560	44.0159574468085	74.468085106383
pheS	183	68	59.238	41.762	0.323705	0.228208	193	470	25.6648936170213	62.5
phnP	171	62	50.208	29.36	0.293614	0.171696	112	170	14.8936170212766	22.6063829787234
phoH	174	65	46.485	42.545	0.267155	0.244511	50	549	6.64893617021277	73.0053191489362
phoK	87	30	23.481	15.557	0.269897	0.178816	57	202	7.57978723404255	26.8617021276596
phoR	172	67	57.782	30.856	0.335942	0.179395	238	204	31.6489361702128	27.1276595744681
plpD	77	22	32.66	22.02	0.424156	0.285974	518	668	68.8829787234042	88.8297872340426
plsC2	176	68	64.347	40.477	0.365608	0.229983	337	476	44.813829787234	63.2978723404255
pncB	47	6	21.991	6.027	0.467894	0.128234	611	61	81.25	8.11170212765957
pnuC	151	61	57.099	32.025	0.378139	0.212086	387	380	51.4627659574468	50.531914893617
porG	168	59	72.599	46.761	0.432137	0.278339	536	647	71.2765957446808	86.0372340425532
porQ	176	64	49.248	34.114	0.279818	0.19383	84	278	11.1702127659574	36.968085106383
porT	175	64	48.501	31.841	0.277149	0.181949	73	214	9.70744680851064	28.4574468085106
porV	178	66	59.485	35.515	0.334185	0.199522	233	305	30.9840425531915	40.5585106382979
porX	174	62	46.788	37.79	0.268897	0.217184	55	403	7.31382978723404	53.5904255319149
potB	40	24	19.619	5.143	0.490475	0.128575	652	62	86.7021276595745	8.24468085106383
potC	39	23	17.859	5.423	0.457923	0.139051	588	86	78.1914893617021	11.436170212766
potD	43	27	19.443	2.671	0.452163	0.0621163	578	21	76.8617021276596	2.79255319148936
ppm1	40	24	25.683	1.951	0.642075	0.048775	740	19	98.4042553191489	2.52659574468085
ppx	121	51	59.586	32.97	0.492446	0.272479	654	632	86.968085106383	84.0425531914894
prc	181	68	41.522	22.352	0.229403	0.123492	18	51	2.3936170212766	6.78191489361702
prfA	173	67	61.224	57.294	0.353896	0.331179	304	733	40.4255319148936	97.4734042553192
prfB	185	68	70.699	50.051	0.382157	0.270546	399	629	53.0585106382979	83.6436170212766
prmA	178	67	48.841	45.143	0.274388	0.253612	67	582	8.90957446808511	77.3936170212766
prmB	179	66	59.995	36.991	0.335168	0.206654	235	348	31.25	46.2765957446809
proA	127	47	53.762	27.714	0.423323	0.21822	514	413	68.3510638297872	54.9202127659574
proB	126	48	59.141	26.577	0.469373	0.210929	615	372	81.781914893617	49.468085106383
prs	167	65	52.322	52.678	0.313305	0.315437	168	721	22.3404255319149	95.8776595744681
psd	180	68	51.37	49.242	0.285389	0.273567	99	636	13.1648936170213	84.5744680851064
pspC	81	21	49.562	10.314	0.611877	0.127333	732	56	97.3404255319149	7.4468085106383
ptp	38	6	22	4	0.578947	0.105263	721	37	95.8776595744681	4.92021276595745
punA	153	58	70.357	36.929	0.45985	0.241366	594	539	78.9893617021277	71.6755319148936
purA	176	67	53.245	42.251	0.302528	0.240062	134	530	17.8191489361702	70.4787234042553
purB	176	68	49.487	48.477	0.281176	0.275438	86	640	11.436170212766	85.1063829787234
purC	174	65	70.811	37.559	0.40696	0.215856	476	394	63.2978723404255	52.3936170212766
purE	182	68	82.243	40.213	0.451885	0.220951	577	432	76.7287234042553	57.4468085106383
purM	173	66	73.111	29.643	0.422607	0.171347	513	169	68.218085106383	22.4734042553191
purN	59	14	19.82	17.54	0.335932	0.297288	237	690	31.5159574468085	91.7553191489362
purT	173	68	79.343	25.293	0.45863	0.146202	589	100	78.3244680851064	13.2978723404255
purU	44	17	16.61	13.17	0.3775	0.299318	384	695	51.063829787234	92.4202127659574
pvdM	182	68	42.777	43.945	0.235038	0.241456	20	541	2.65957446808511	71.9414893617021
pyk	171	68	56.333	39.471	0.329433	0.230825	213	482	28.3244680851064	64.0957446808511
pyrB	176	66	60.84	43.422	0.345682	0.246716	274	557	36.436170212766	74.0691489361702
pyrC	183	68	56.874	33.858	0.310787	0.185016	161	233	21.4095744680851	30.9840425531915
pyrD	181	67	53.045	38.479	0.293066	0.212591	111	381	14.7606382978723	50.6648936170213
pyrE	178	68	67.627	33.173	0.379927	0.186365	391	239	51.9946808510638	31.781914893617
pyrF	171	67	62.741	39.799	0.366906	0.232743	345	496	45.8776595744681	65.9574468085106
pyrH	181	68	80.414	28.758	0.444276	0.158884	563	126	74.8670212765958	16.7553191489362
pyrI	174	64	59.692	46.948	0.343057	0.269816	264	627	35.1063829787234	83.3776595744681
pyrK	181	67	56.452	35.906	0.31189	0.198376	165	300	21.9414893617021	39.8936170212766
qacR	174	63	63.897	33.117	0.367224	0.190328	346	261	46.0106382978723	34.7074468085106
qmcA	169	60	59.663	35.011	0.353036	0.207166	303	349	40.2925531914894	46.4095744680851
queC	171	62	65.543	38.371	0.383292	0.224392	403	457	53.5904255319149	60.7712765957447
queD	128	48	61.097	19.021	0.47732	0.148602	627	109	83.3776595744681	14.4946808510638
queE	126	48	58.149	21.555	0.4615	0.171071	600	167	79.7872340425532	22.2074468085106
queF	176	64	82.892	30.356	0.470977	0.172477	619	174	82.313829787234	23.1382978723404
queG	93	28	33.115	24.001	0.356075	0.258075	312	594	41.4893617021277	78.9893617021277
raiA	161	65	64.289	45.711	0.399311	0.283919	455	661	60.5053191489362	87.8989361702128
rarA	176	67	57.864	35.408	0.328773	0.201182	211	315	28.0585106382979	41.8882978723404
rbfA	180	67	69.041	38.959	0.383561	0.216439	405	397	53.8563829787234	52.7925531914894
rbr	161	62	68.225	29.325	0.423758	0.182143	516	215	68.6170212765958	28.5904255319149
rbr3A	108	40	53.434	24.698	0.494759	0.228685	656	473	87.2340425531915	62.8989361702128
recA	177	67	67.529	40.471	0.38152	0.22865	396	471	52.6595744680851	62.6329787234043
recD2_2	182	68	59.456	33.632	0.326681	0.184791	201	231	26.7287234042553	30.718085106383
recF	177	67	50.779	46.443	0.286887	0.26239	102	606	13.563829787234	80.5851063829787
recO	182	67	49.876	37.314	0.274044	0.205022	65	336	8.6436170212766	44.6808510638298
recQ2	176	66	53.155	29.899	0.302017	0.169881	131	159	17.4202127659574	21.1436170212766
recR	167	68	0	0	0	0	8.5	9	1.13031914893617	1.1968085106383
recX	180	67	66.145	41.633	0.367472	0.231294	348	485	46.2765957446809	64.4946808510638
rha1	63	27	29.393	8.821	0.466556	0.140016	608	90	80.8510638297872	11.968085106383
rhaD	112	45	47	32	0.419643	0.285714	504	666.5	67.0212765957447	88.6303191489362
ribBA	181	68	59.045	33.293	0.326215	0.183939	199	224	26.4627659574468	29.7872340425532
ribD	174	66	70.676	25.972	0.406184	0.149264	475	111	63.1648936170213	14.7606382978723
ribE	168	66	72.573	33.281	0.431982	0.198101	535	298	71.1436170212766	39.6276595744681
ribF	175	67	48.519	46.919	0.277251	0.268109	74	621	9.84042553191489	82.5797872340426
rimM	182	67	58.038	40.39	0.31889	0.221923	187	441	24.8670212765957	58.6436170212766
rimP	183	68	67.799	36.955	0.370486	0.20194	357	318	47.4734042553191	42.2872340425532
rlmH	168	65	77.335	30.789	0.460327	0.183268	595	221	79.1223404255319	29.3882978723404
rlmI	175	68	45.319	39.043	0.258966	0.223103	41	447	5.45212765957447	59.4414893617021
rlmL	181	67	56.186	34.964	0.31042	0.193171	158	277	21.0106382978723	36.8351063829787
rlpA	180	67	58.884	32.91	0.327133	0.182833	204	218	27.1276595744681	28.9893617021277
rluA	171	63	56.108	35.644	0.328117	0.208444	207	358	27.5265957446809	47.6063829787234
rluC	181	67	68.324	31.154	0.377481	0.172122	382	172	50.7978723404255	22.8723404255319
rmuC	173	65	69.994	40.32	0.40459	0.233064	471	497	62.6329787234043	66.0904255319149
rnc	180	67	50.002	42.998	0.277789	0.238878	75	526	9.97340425531915	69.9468085106383
rnd	174	67	52.603	35.903	0.302316	0.206339	133	343	17.686170212766	45.6117021276596
rnfA	119	53	51.724	29.586	0.434655	0.248622	543	564	72.2074468085106	75
rnfB	123	53	49	28	0.398374	0.227642	451	467	59.9734042553191	62.1010638297872
rnfC	128	53	47.261	41.317	0.369227	0.322789	356	725	47.3404255319149	96.4095744680851
rnfD	122	52	55.097	20.709	0.451615	0.169746	575	158	76.4627659574468	21.0106382978723
rnfE	118	52	50.66	32.986	0.429322	0.279542	531	651	70.6117021276596	86.5691489361702
rnfG	117	52	41.531	27.771	0.354966	0.237359	306	518	40.6914893617021	68.8829787234042
rng	175	67	52.604	38.172	0.300594	0.218126	127	411	16.8882978723404	54.6542553191489
rnhB	181	68	69.4	25.13	0.383425	0.13884	404	84	53.7234042553191	11.1702127659574
rnpA	180	68	58.081	21.741	0.322672	0.120783	191	50	25.3989361702128	6.64893617021277
rnz	170	65	57.012	34.004	0.335365	0.200024	236	310	31.3829787234043	41.2234042553191
rodA	183	68	51.657	25.029	0.282279	0.13677	88	80	11.7021276595745	10.6382978723404
rpe	177	67	65.168	32.056	0.368181	0.181107	351	212	46.6755319148936	28.1914893617021
rpiB	170	65	67.654	50.004	0.397965	0.294141	449	686	59.7074468085106	91.2234042553192
rplA	132	51	30.625	23.288	0.232008	0.176424	19	193	2.52659574468085	25.6648936170213
rplC	146	55	68.184	49.448	0.467014	0.338685	610	738	81.1170212765958	98.1382978723404
rplD	146	55	58.7	40.906	0.402055	0.280178	462	653	61.436170212766	86.8351063829787
rplE	144	57	64.582	46.11	0.448486	0.320208	570.5	723	75.8643617021277	96.1436170212766
rplI	172	66	64.396	43.652	0.374395	0.253791	369	583	49.0691489361702	77.5265957446808
rplJ	136	53	59.758	39.726	0.439397	0.292103	555	682	73.8031914893617	90.6914893617021
rplK	127	50	59.799	50.085	0.470858	0.39437	618	750	82.1808510638298	99.7340425531915
rplL	142	57	77.718	38.234	0.54731	0.269254	696	624	92.5531914893617	82.9787234042553
rplM	171	64	70.499	46.003	0.412275	0.269023	488	623	64.8936170212766	82.8457446808511
rplN	141	55	45.8335	16.8625	0.32506	0.119592	195	48	25.9308510638298	6.38297872340426
rplO	149	61	67.837	49.823	0.455282	0.334383	583	735	77.5265957446808	97.7393617021277
rplP	144	58	79	37	0.548611	0.256944	697	590	92.686170212766	78.4574468085106
rplQ	158	62	67.676	47.75	0.428329	0.302215	528	702	70.2127659574468	93.3510638297872
rplR	141	59	70.614	40.158	0.500809	0.284809	660	663	87.7659574468085	88.1648936170213
rplS	184	68	84.827	40.855	0.461016	0.222038	597	443	79.3882978723404	58.9095744680851
rplT	170	65	80.604	53.01	0.474141	0.311824	623	717	82.8457446808511	95.3457446808511
rplU	168	61	76.092	47.152	0.452929	0.280667	580	654	77.1276595744681	86.968085106383
rplW	144	54	63.032	51.928	0.437722	0.360611	550	743	73.1382978723404	98.8031914893617
rplX	142	56	70.075	47.647	0.493486	0.335542	655	736	87.1010638297872	97.8723404255319
rpmA	164	61	0	0	0	0	8.5	9	1.13031914893617	1.1968085106383
rpmB	162	64	76.41	47.47	0.471667	0.293025	620	685	82.4468085106383	91.0904255319149
rpmC	143	57	84.601	37.197	0.591615	0.260119	724	601	96.2765957446808	79.9202127659574
rpmD	132	53	64.817	55.771	0.491038	0.422508	653	751	86.8351063829787	99.8670212765958
rpmE2	176	66	49.2235	16.4865	0.279679	0.0936733	83	32	11.0372340425532	4.25531914893617
rpmF	173	64	49.1105	20.1115	0.283876	0.116251	92	45	12.2340425531915	5.98404255319149
rpmG	163	64	48.0365	19.217	0.294702	0.117896	114	47	15.1595744680851	6.25
rpmH	173	64	62.024	12.8735	0.35852	0.0744133	315	25	41.8882978723404	3.32446808510638
rpmI	163	61	85.106	37.682	0.522123	0.231178	681	484	90.5585106382979	64.3617021276596
rpmJ	133	53	91.512	29.488	0.68806	0.221714	744	440	98.936170212766	58.5106382978723
rpoN	182	68	46.628	29.116	0.256198	0.159978	36	127	4.78723404255319	16.8882978723404
rpoZ	174	66	60.231	45.911	0.346155	0.263856	277	610	36.8351063829787	81.1170212765958
rprX	178	68	52.472	37.584	0.294787	0.211146	115	373	15.2925531914894	49.6010638297872
rprY	175	67	66.854	39.438	0.382023	0.22536	397	460	52.7925531914894	61.1702127659574
rpsC	143	57	59.083	56.285	0.413168	0.393601	491	749	65.2925531914894	99.6010638297872
rpsD	142	56	69.264	41.038	0.487775	0.289	646	676	85.9042553191489	89.8936170212766
rpsE	149	61	65.555	39.335	0.439966	0.263993	556	611	73.936170212766	81.25
rpsF	166	62	76.142	49.976	0.458687	0.30106	590	698	78.4574468085106	92.8191489361702
rpsG	162	64	39.314	29.281	0.242679	0.180747	23	209	3.05851063829787	27.7925531914894
rpsH	144	59	80.911	43.181	0.561882	0.299868	708	696	94.1489361702128	92.5531914893617
rpsI	166	61	76.502	39.182	0.460855	0.236036	596	509	79.2553191489362	67.686170212766
rpsJ	148	57	42.132	26.097	0.284676	0.176331	98	191	13.031914893617	25.3989361702128
rpsK	140	53	71.751	46.279	0.512507	0.330564	673	732	89.4946808510638	97.3404255319149
rpsN	142	56	39.6235	23.8865	0.279039	0.168215	80	149	10.6382978723404	19.813829787234
rpsO	181	67	95	31	0.524862	0.171271	685	168	91.0904255319149	22.3404255319149
rpsP	167	67	70.091	36.727	0.419707	0.219922	505	428	67.1542553191489	56.9148936170213
rpsQ	142	57	81.166	37.502	0.571592	0.264099	714	613	94.9468085106383	81.5159574468085
rpsR	168	63	44.0985	18.2245	0.262491	0.108479	43	40	5.71808510638298	5.31914893617021
rpsS	140	55	80.191	43.499	0.572793	0.310707	715	716	95.0797872340426	95.2127659574468
rpsT	180	64	84.013	34.319	0.466739	0.190661	609	263	80.9840425531915	34.9734042553191
rpsU	162	64	84.011	34.327	0.518586	0.211895	676	377	89.8936170212766	50.1329787234043
rseC	120	51	51	39	0.425	0.325	521	729	69.281914893617	96.9414893617021
rseP	183	68	61	31	0.333333	0.169399	232	156	30.8510638297872	20.7446808510638
rsfS	177	64	53.944	30.16	0.304768	0.170395	140	160	18.6170212765957	21.2765957446809
rsgA	178	67	49	36	0.275281	0.202247	68	320	9.04255319148936	42.5531914893617
rsmE	172	66	54.288	38.47	0.315628	0.223663	178	450	23.6702127659574	59.8404255319149
rsmF	184	68	61.165	23.505	0.332418	0.127745	229	59	30.4521276595745	7.84574468085106
rsmG	171	65	53.69	30.93	0.313977	0.180877	172	211	22.8723404255319	28.0585106382979
rsmH	183	68	62.637	15.419	0.342279	0.0842568	258	27	34.3085106382979	3.59042553191489
rsmI	182	68	65.838	32.486	0.361747	0.178495	324	199	43.0851063829787	26.4627659574468
rssA_1	164	61	55.468	49.764	0.33822	0.303439	246	706	32.7127659574468	93.8829787234042
rtcB	43	21	33.802	6.594	0.786093	0.153349	750	118	99.7340425531915	15.6914893617021
rubR	81	5	43	15	0.530864	0.185185	691	235	91.8882978723404	31.25
rumA	173	67	59.517	38.449	0.344029	0.222249	266	444	35.3723404255319	59.0425531914894
ruvA	183	68	51.985	40.015	0.284071	0.218661	94	418	12.5	55.5851063829787
ruvB	179	68	56.753	38.247	0.317056	0.21367	183	387	24.3351063829787	51.4627659574468
ruvC	171	64	57.576	34.384	0.336702	0.201076	240	314	31.9148936170213	41.7553191489362
scrK	142	45	52.313	29.077	0.368401	0.204768	352	334	46.8085106382979	44.4148936170213
sdhB	175	65	92.859	36.423	0.530623	0.208131	690	354	91.7553191489362	47.0744680851064
sdhC	174	68	69.619	41.257	0.400109	0.237109	458	516	60.9042553191489	68.6170212765958
secE	56	18	37.375	13.875	0.667411	0.247768	742	562	98.6702127659574	74.7340425531915
secG	174	67	61.002	37.994	0.350586	0.218356	293	415	38.9627659574468	55.186170212766
serB	68	13	31.376	14.872	0.461412	0.218706	598	420	79.5212765957447	55.8510638297872
serC	173	66	64.958	52.564	0.37548	0.303838	376	707	50	94.0159574468085
serS	176	65	71.836	38.328	0.408159	0.217773	478	408	63.563829787234	54.2553191489362
sigA	106	39	41.764	14.708	0.394	0.138755	440	83	58.5106382978723	11.0372340425532
sigW	151	55	52.645	31.065	0.348642	0.205728	283	341	37.6329787234043	45.3457446808511
slyD	171	60	47.536	38.832	0.277988	0.227088	76	464	10.1063829787234	61.7021276595745
smpB	171	66	67.199	37.889	0.392977	0.221573	434	438	57.7127659574468	58.2446808510638
soj	183	68	72.495	36.515	0.396148	0.199536	446	306	59.3085106382979	40.6914893617021
sotB	46	24	19.535	12.395	0.424674	0.269457	520	626	69.1489361702128	83.2446808510638
speG	161	65	54.952	37.144	0.341317	0.230708	255	480	33.9095744680851	63.8297872340426
spk1	180	66	46.993	31.367	0.261072	0.174261	42	178	5.58510638297872	23.6702127659574
spmB	176	66	72.523	27.587	0.412062	0.156744	487	122	64.7606382978723	16.2234042553191
spoIIAA	37	32	20.683	3.951	0.559	0.106784	707	39	94.0159574468085	5.18617021276596
spoIVB	42	15	22.811	11.567	0.543119	0.275405	694	639	92.2872340425532	84.9734042553192
srpH	144	53	50.089	48.733	0.34784	0.338424	282	737	37.5	98.0053191489362
srrA	172	67	57.979	38.075	0.337087	0.221366	241	435	32.0478723404255	57.8457446808511
sstT	87	31	44.166	18.502	0.507655	0.212667	668	382	88.8297872340426	50.7978723404255
sua5	177	67	66.815	37.911	0.377486	0.214186	383	389	50.9308510638298	51.7287234042553
sucC	45	15	19	4	0.422222	0.0888889	511	29	67.9521276595745	3.8563829787234
sucD	44	14	17.475	7.525	0.397159	0.171023	447	166	59.4414893617021	22.0744680851064
sufC	181	67	76.815	30.847	0.424392	0.170425	519	161	69.0159574468085	21.4095744680851
sufD	183	68	70.198	41.444	0.383596	0.22647	406	462	53.9893617021277	61.436170212766
sufE	178	64	76.96	37.664	0.43236	0.211596	538	375	71.5425531914894	49.8670212765957
sulP	124	60	45.542	23.374	0.367274	0.1885	347	249	46.1436170212766	33.1117021276596
surE	179	64	52.207	29.379	0.291659	0.164128	107	142	14.2287234042553	18.8829787234043
tabA_1	90	33	39	24	0.433333	0.266667	540	618	71.8085106382979	82.1808510638298
tabA_2	101	40	44.454	20.344	0.440139	0.201426	557	316	74.0691489361702	42.0212765957447
tadA	181	68	58.937	33.189	0.325619	0.183365	197	223	26.1968085106383	29.6542553191489
tag	54	24	38.098	5.108	0.705519	0.0945926	746	33	99.2021276595745	4.38829787234043
tagD	39	7	23.661	7.017	0.606692	0.179923	730	208	97.0744680851064	27.6595744680851
tagF	157	63	57.787	61.581	0.36807	0.392236	350	748	46.5425531914894	99.468085106383
tatD	183	68	57.468	37.532	0.314033	0.205093	173	338	23.0053191489362	44.9468085106383
tcdA	115	56	42.14	34	0.366435	0.295652	342	687	45.4787234042553	91.3563829787234
terC	77	35	40	7	0.519481	0.0909091	678	30	90.1595744680851	3.98936170212766
tgt	176	66	60.79	42.362	0.345398	0.240693	272	535	36.1702127659574	71.1436170212766
thi4	47	NA	0	0	0	0	8.5	9	1.13031914893617	1.1968085106383
thiG	70	40	0	0	0	0	8.5	9	1.13031914893617	1.1968085106383
thiH	73	41	41.698	9.906	0.571205	0.135699	713	75	94.813829787234	9.97340425531915
thiJ	184	67	63.049	39.295	0.342658	0.21356	259	386	34.4414893617021	51.3297872340426
thiL	180	67	54.006	46.348	0.300033	0.257489	126	592	16.7553191489362	78.7234042553192
tig	180	68	46.175	34.563	0.256528	0.192017	37	269	4.92021276595745	35.7712765957447
tilS	172	68	47.165	39.499	0.274215	0.229645	66	475	8.77659574468085	63.1648936170213
tlyC	178	68	44.162	40.598	0.248101	0.228079	27	469	3.59042553191489	62.3670212765957
tolC	42	12	16	15	0.380952	0.357143	394	742	52.3936170212766	98.6702127659574
traI	84	36	33.706	14.882	0.401262	0.177167	461	195	61.3031914893617	25.9308510638298
trkA	178	63	53.626	33.122	0.30127	0.186079	129	238	17.1542553191489	31.6489361702128
trkH	182	68	0	0	0	0	8.5	9	1.13031914893617	1.1968085106383
trmB	179	66	66.364	49.908	0.370749	0.278816	358	650	47.6063829787234	86.436170212766
trmD	175	66	65.873	24.381	0.376417	0.13932	380	87	50.531914893617	11.5691489361702
trpA	128	50	50.282	26.674	0.392828	0.208391	433	357	57.5797872340426	47.4734042553191
trpC	135	51	48	32	0.355556	0.237037	308	515	40.9574468085106	68.4840425531915
trpD	130	52	52	24	0.4	0.184615	457	230	60.7712765957447	30.5851063829787
trpF	163	61	68.789	24.633	0.422018	0.151123	510	116	67.8191489361702	15.4255319148936
trpG	152	54	65.921	33.237	0.433691	0.218664	541	419	71.9414893617021	55.718085106383
trpS	180	67	76.275	38.175	0.42375	0.212083	515	379	68.4840425531915	50.3989361702128
truA	172	65	0	0	0	0	8.5	9	1.13031914893617	1.1968085106383
truB	185	68	57.676	29.972	0.311762	0.162011	163	136	21.6755319148936	18.0851063829787
trxA2	77	23	42	9	0.545455	0.116883	695	46	92.4202127659574	6.11702127659574
trxB	179	67	66.441	40.173	0.371179	0.22443	360	458	47.8723404255319	60.9042553191489
tsaD	175	67	67.019	43.959	0.382966	0.251194	401	578	53.3244680851064	76.8617021276596
tsf	179	68	0	0	0	0	8.5	9	1.13031914893617	1.1968085106383
ttcA	80	19	28.05	15.624	0.350625	0.1953	294	282	39.0957446808511	37.5
ttg2C	185	68	50.136	47.52	0.271005	0.256865	58	589	7.71276595744681	78.3244680851064
tyrA	158	62	62.094	27.718	0.393	0.17543	436	186	57.9787234042553	24.7340425531915
udp	169	65	58.925	46.965	0.348669	0.277899	284.5	646	37.8324468085106	85.9042553191489
unk1	95	42	45.679	18.963	0.480832	0.199611	634	307	84.3085106382979	40.8244680851064
upp	157	51	57.855	35.435	0.368503	0.225701	353	461	46.9414893617021	61.3031914893617
uppP	183	68	81.366	32.902	0.444623	0.179792	564	207	75	27.5265957446809
uppS	182	68	64.668	31.996	0.355319	0.175802	307	187	40.8244680851064	24.8670212765957
ushA	168	58	52.882	40.354	0.314774	0.240202	174	532	23.1382978723404	70.7446808510638
uvrB	180	68	49.615	41.655	0.275639	0.231417	69	486	9.17553191489362	64.6276595744681
uvrD2	135	53	46.493	39.507	0.344393	0.292644	267	684	35.5053191489362	90.9574468085106
uxaB	109	42	50.296	25.074	0.461431	0.230037	599	477	79.6542553191489	63.4308510638298
vicK	167	63	47	39	0.281437	0.233533	87	499	11.5691489361702	66.3563829787234
vicX	172	66	50	34	0.290698	0.197674	106	297	14.0957446808511	39.4946808510638
vioA	37	17	30	3	0.810811	0.0810811	751	26	99.8670212765958	3.45744680851064
vorD	163	53	69.871	41.403	0.428656	0.254006	530	584	70.4787234042553	77.6595744680851
VY92_02660	68	13	40.256	16.232	0.592	0.238706	725	523	96.4095744680851	69.5478723404255
waaA	164	63	61.464	33.608	0.37478	0.204927	371	335	49.3351063829787	44.5478723404255
waaM	181	67	81.176	42.062	0.448486	0.232387	570.5	493	75.8643617021277	65.5585106382979
wbbL	166	66	56.053	32.219	0.337669	0.19409	244	280	32.4468085106383	37.2340425531915
wbbL_2	180	67	50.819	43.771	0.282328	0.243172	89	545	11.8351063829787	72.4734042553192
wbsE	151	55	58.498	42.506	0.387404	0.281497	420	658	55.8510638297872	87.5
wcaJ_2	138	58	48.231	37.627	0.3495	0.272659	287	633	38.1648936170213	84.1755319148936
wecD3	95	31	39.788	24.66	0.418821	0.259579	503	600	66.8882978723404	79.7872340425532
wssF	70	34	28.816	15.504	0.411657	0.221486	486	437	64.6276595744681	58.1117021276596
XK27_07020	68	10	32.111	9.667	0.472221	0.142162	621	95	82.5797872340426	12.6329787234043
XK27_07760	180	66	64.974	37.07	0.360967	0.205944	321	342	42.686170212766	45.4787234042553
XK27_08630	96	46	44.531	19.407	0.463865	0.202156	605	319	80.4521276595745	42.4202127659574
xseA	182	67	54.023	35.867	0.29683	0.197071	120	294	15.9574468085106	39.0957446808511
xseB	181	67	75.009	35.939	0.414414	0.198558	495	301	65.8244680851064	40.0265957446809
xth	180	65	63.09	34.73	0.3505	0.192944	292	275	38.8297872340426	36.5691489361702
xylA	58	25	33	9	0.568966	0.155172	712	120	94.6808510638298	15.9574468085106
xynB2	86	28	32.016	26.87	0.372279	0.312442	365	718	48.5372340425532	95.4787234042553
xynT	73	28	42.194	14.354	0.578	0.19663	720	292	95.7446808510638	38.8297872340426
yabJ	170	64	81.16	34.708	0.477412	0.204165	628	327	83.5106382978723	43.4840425531915
yadS	163	56	56.833	35.501	0.348669	0.217798	284.5	409	37.8324468085106	54.3882978723404
yaeB	163	61	49.905	28.285	0.306166	0.173528	146	177	19.4148936170213	23.5372340425532
yafV	46	14	22.451	6.647	0.488065	0.1445	647	98	86.0372340425532	13.031914893617
yahN	180	68	63.168	45.496	0.350933	0.252756	296	581	39.3617021276596	77.2606382978723
yajC	176	68	62.643	42.381	0.355926	0.240801	310	536	41.2234042553191	71.2765957446808
ybbM	87	36	26.99	16.504	0.31023	0.189701	155	256	20.6117021276596	34.0425531914894
ybbR	176	68	43.797	35.285	0.248847	0.200483	29	312	3.8563829787234	41.4893617021277
ybcH	140	50	62.773	23.681	0.448379	0.16915	569	154	75.6648936170213	20.4787234042553
ybeY	177	66	84.114	25.658	0.47522	0.14496	625	99	83.1117021276596	13.1648936170213
ybhG	110	63	63.546	15.364	0.577691	0.139673	719	89	95.6117021276596	11.8351063829787
ybhS	111	64	66.996	16.332	0.603568	0.147135	728	105	96.8085106382979	13.9627659574468
ybjG	107	41	43.39	28.396	0.405514	0.265383	473	617	62.8989361702128	82.0478723404255
ybjQ	105	22	51.414	22.758	0.489657	0.216743	650	399	86.436170212766	53.0585106382979
ycbB	134	51	34.126	33.622	0.254672	0.25091	34	577	4.52127659574468	76.7287234042553
ycbL	170	64	48	34	0.282353	0.2	90	309	11.968085106383	41.0904255319149
yccF	49	5	34	14	0.693878	0.285714	745	666.5	99.0691489361702	88.6303191489362
ycdQ	61	41	33.502	10.494	0.549213	0.172033	698	171	92.8191489361702	22.7393617021277
ycdX	37	12	17.761	2.717	0.480027	0.0734324	633	24	84.1755319148936	3.19148936170213
yceD	174	65	46.046	41.862	0.264632	0.240586	45	533	5.98404255319149	70.8776595744681
ycgE	181	68	65.497	36.509	0.361862	0.201707	325	317	43.218085106383	42.1542553191489
ycgM	182	68	62.976	24.366	0.346022	0.133879	275	74	36.5691489361702	9.84042553191489
ychF	180	67	68.024	37.606	0.377911	0.208922	385	363	51.1968085106383	48.2712765957447
ydcC	172	68	51.544	36.392	0.299674	0.211581	124	374	16.4893617021277	49.7340425531915
ydiY	112	46	38.829	20.513	0.346687	0.183152	279	220	37.1010638297872	29.2553191489362
yeaZ	183	66	56.498	47.502	0.308732	0.259574	153	599	20.3457446808511	79.6542553191489
yebC	175	68	72.465	29.885	0.414086	0.170771	494	164	65.6914893617021	21.8085106382979
yecH	54	44	33.623	7.131	0.622648	0.132056	736	68	97.8723404255319	9.04255319148936
yegX	177	68	45.19	37.76	0.255311	0.213333	35	384	4.65425531914894	51.063829787234
yehT_1	86	38	0	0	0	0	8.5	9	1.13031914893617	1.1968085106383
yehU_1	100	60	42.679	13.963	0.42679	0.13963	524	88	69.6808510638298	11.7021276595745
yeiH	99	24	55	13	0.555556	0.131313	703	66	93.4840425531915	8.77659574468085
yfbS	147	66	53.309	33.393	0.362646	0.227163	330	465	43.8829787234043	61.8351063829787
yfbT	180	66	56.716	33.852	0.315089	0.188067	176	246	23.4042553191489	32.7127659574468
yfcD	124	53	54	20	0.435484	0.16129	548	135	72.8723404255319	17.9521276595745
yfcE	131	49	53.686	32.942	0.409817	0.251466	483	579	64.2287234042553	76.9946808510638
yfiC	173	64	52.49	42.506	0.30341	0.245699	136	552	18.0851063829787	73.4042553191489
yfiH	180	67	50.301	51.823	0.27945	0.287906	81	674	10.7712765957447	89.6276595744681
yfiO	179	67	54.911	36.625	0.306765	0.204609	147	330	19.5478723404255	43.8829787234043
yfmR	174	68	60.43	31.71	0.347299	0.182241	280	216	37.2340425531915	28.7234042553191
ygbA	81	28	44.847	22.459	0.553667	0.277272	701	644	93.218085106383	85.6382978723404
ygfA	163	58	63.113	32.661	0.387196	0.200374	419	311	55.718085106383	41.3563829787234
yggS	175	67	56.596	32.212	0.323406	0.184069	192	225	25.531914893617	29.9202127659574
yghZ	51	22	25	10	0.490196	0.196078	651	286.5	86.5691489361702	38.0984042553191
ygiF	53	41	23.225	15.325	0.438208	0.289151	552	677	73.4042553191489	90.0265957446808
yhaM	163	57	59	31	0.361963	0.190184	326	260	43.3510638297872	34.5744680851064
yhcC	152	61	63.309	27.073	0.416507	0.178112	498	198	66.2234042553192	26.3297872340426
yhhQ	178	67	66.212	41.364	0.371978	0.232382	364	492	48.4042553191489	65.4255319148936
yhiD	100	19	50.892	14.976	0.50892	0.14976	669	112	88.9627659574468	14.8936170212766
yiaD	166	62	60.759	39.245	0.366018	0.236416	339	511	45.0797872340426	67.9521276595745
yicC	182	65	61.38	32.078	0.337253	0.176253	242	190	32.1808510638298	25.2659574468085
yidD	147	53	75.805	21.585	0.51568	0.146837	675	101	89.7606382978723	13.4308510638298
yigZ	177	66	63.892	38.632	0.360972	0.21826	322	414	42.8191489361702	55.0531914893617
yihX	92	28	0	0	0	0	8.5	9	1.13031914893617	1.1968085106383
yihY	94	21	34.561	26.317	0.36767	0.279968	349	652	46.4095744680851	86.7021276595745
yjbQ	86	34	55.079	19.043	0.640453	0.22143	739	436	98.2712765957447	57.9787234042553
yjeE	182	68	71.524	30.82	0.392989	0.169341	435	155	57.8457446808511	20.6117021276596
ykoT	103	51	48.222	20.334	0.468175	0.197417	613	295	81.5159574468085	39.2287234042553
yncA	76	37	34.012	25.3	0.447526	0.332895	567	734	75.3989361702128	97.6063829787234
yneG	40	21	27	7	0.675	0.175	743	183	98.8031914893617	24.3351063829787
yngK	149	59	37.676	30.972	0.252859	0.207866	32	353	4.25531914893617	46.9414893617021
ypdC	75	21	30.354	7.938	0.40472	0.10584	472	38	62.7659574468085	5.0531914893617
yphJ	56	18	20.8045	3.0865	0.371509	0.0551161	362	20	48.1382978723404	2.65957446808511
ypjD	165	56	82.025	22.925	0.497121	0.138939	658	85	87.5	11.3031914893617
yqcE	90	21	45.151	27.547	0.501678	0.306078	663	709	88.1648936170213	94.281914893617
yqeV	180	68	46.421	44.579	0.257894	0.247661	38	561	5.0531914893617	74.6010638297872
yqeY	99	36	38.646	26.898	0.390364	0.271697	426	631	56.6489361702128	83.9095744680851
yqfF	184	68	44.357	33.963	0.241071	0.184582	22	228	2.92553191489362	30.3191489361702
yqfO	176	66	53.804	31.588	0.305705	0.179477	144	205	19.1489361702128	27.2606382978723
yqgF	179	66	63.733	36.415	0.35605	0.203436	311	324	41.3563829787234	43.0851063829787
yraN	177	68	49.227	51.715	0.278119	0.292175	77	683	10.2393617021277	90.8244680851064
yrbG	69	14	28	8	0.405797	0.115942	474	44	63.031914893617	5.85106382978723
yrrM	180	68	67.458	40.318	0.374767	0.223989	370	453	49.2021276595745	60.2393617021277
ysmA	181	67	73.001	44.273	0.40332	0.244602	466	550	61.968085106383	73.1382978723404
yvdD	166	60	64.968	54.288	0.391373	0.327036	428	730	56.9148936170213	97.0744680851064
yvqK	91	33	35	16	0.384615	0.175824	408	188	54.2553191489362	25
ywaD	180	66	58	45	0.322222	0.25	190	574.5	25.2659574468085	76.3962765957447
ywfO	49	15	18.169	18.493	0.370796	0.377408	359	746	47.7393617021277	99.2021276595745
Z012_05310	88	37	38.556	16.814	0.438136	0.191068	551	266	73.2712765957447	35.3723404255319
Z012_05430	86	41	47.976	12.072	0.55786	0.140372	705	91	93.75	12.1010638297872
Z012_07300	52	6	21.019	27.943	0.404212	0.537365	469	752	62.3670212765957	100
znuA	69	34	25.912	16.264	0.375536	0.23571	377	508	50.1329787234043	67.5531914893617
znuB	80	35	29.742	16.516	0.371775	0.20645	363	346	48.2712765957447	46.0106382978723
znuC	84	35	33.059	24.923	0.39356	0.296702	438	688	58.2446808510638	91.4893617021277
zraR_2	55	21	28.906	13.282	0.525564	0.241491	687	542	91.3563829787234	72.0744680851064
