"clade"	"n_host"	"n_genomes.x"	"tree_permut"	"rf_p_mean"	"rf_p_b01"	"rf_p_b005"	"hommola_p_mean"	"hommola_p_b01"	"hommola_p_b005"	"hommola_p_alltip"	"n_genomes.y"	"n_clusters"	"tot_host"	"tot_hostn2"	"tot_hostgroups"	"HsG"	"Ptver"	"HsA2"	"Gberingei"	"HsA1"	"Ggorilla"	"Ptschw"	"Ppan"	"Pttrog"	"HsUHGG"	"HsD"	"n_phy"	"n_cla"	"n_ord"	"n_fam"	"n_gen"	"n_spe"	"tax_cons"	"hash"
"f__Paludibacteraceae_subtree_10"	7	7	999	0.00256956956956957	0	0	0.0014024024024024	0	0	NA	7	7	7	NA	3	0	1	0	1	0	1	1	1	1	1	0	1	1	1	1	1	7	"g__W0P28-013"	"a89506aeac9c44956070d6bed62e8567"
"f__Paludibacteraceae_subtree_11"	6	6	999	0.0119269269269269	0	0	0.00371271271271271	0	0	NA	6	6	6	NA	2	0	1	0	1	0	1	1	1	1	0	0	1	1	1	1	1	6	"g__W0P28-013"	"c9fadfffb24ec0f1ca9c53ae95a8fd42"
"f__UBA932_subtree_35"	6	7	999	0.0121191191191191	0	0	0.00375475475475475	0	0	NA	7	7	6	1	3	0	1	0	1	0	2	1	0	1	1	0	1	1	1	1	1	7	"g__Cryptobacteroides"	"5fa3d00180b2ff05c0026fb7e6feeae5"
"f__Eggerthellaceae_subtree_83"	7	14	999	0.126535535535536	0.525525525525526	0.525525525525526	0.0051011011011011	0	0	NA	14	14	7	3	3	0	1	0	1	0	1	2	2	1	6	0	1	1	1	1	1	14	"g__Senegalimassilia"	"4d7b5b387043add023936258b6f7c6cc"
"f__Eggerthellaceae_subtree_19"	7	17	999	0.029026026026026	0	0.397397397397397	0.00554354354354354	0	0	NA	17	17	7	5	3	0	2	0	1	0	1	2	3	2	6	0	1	1	1	1	1	17	"g__CAG-1427"	"55c738c61bc51206df7314eba1f99c0c"
"f__CAG-826_subtree_19"	6	7	999	0.0121041041041041	0	0	0.00592092092092092	0	0	NA	7	7	6	1	2	0	1	0	1	0	1	2	1	1	0	0	1	1	1	1	1	7	"g__UBA4951"	"7580b6fa341b86afb013f52ebadaa19b"
"f__Bacteroidaceae_subtree_334"	5	6	999	0.0677347347347347	0.00100100100100098	0.990990990990991	0.0092022022022022	0	0	NA	6	6	5	1	3	0	1	0	1	2	0	1	1	0	0	0	1	1	1	1	1	6	"g__UBA6398"	"6afae7948b55afa6d51b96bf26427977"
"f__UBA932_subtree_36"	5	6	999	0.0677757757757758	0	0.990990990990991	0.00927527527527528	0	0	NA	6	6	5	1	2	0	1	0	1	0	2	1	0	1	0	0	1	1	1	1	1	6	"g__Cryptobacteroides"	"eb44ef1e85547ecbdbf37e52fb78499c"
"f__Bacteroidaceae_subtree_408"	5	5	999	0.333994994994995	1	1	0.00927927927927928	0	0	NA	5	5	5	NA	2	0	1	0	1	0	1	1	1	0	0	0	1	1	1	1	1	5	"g__UBA2918"	"542d4b32211eabdf9c70a6b75c4270f5"
"f__Muribaculaceae_subtree_15"	5	5	999	0.0678018018018018	0	0.991991991991992	0.00927927927927928	0	0	NA	5	5	5	NA	2	0	1	1	0	0	0	1	1	1	0	0	1	1	1	1	1	5	"g__Limisoma"	"7f36e9b137cc55d3e0ad3fd8d0c9c326"
"f__UBA932_subtree_79"	5	5	999	0.333821821821822	1	1	0.00929229229229229	0	0	NA	5	5	5	NA	2	0	1	0	0	0	0	1	1	1	1	0	1	1	1	1	1	5	"g__Cryptobacteroides"	"ee4b6aeefbf10003e50414be9048873a"
"f__Bacteroidaceae_subtree_97"	5	6	999	0.0675905905905906	0	0.987987987987988	0.00934434434434434	0	0	NA	6	6	5	1	3	0	1	0	1	0	1	1	0	0	2	0	1	1	1	1	1	6	"g__Phocaeicola_A"	"6680c7ea775bc9c88453d223896af9f4"
"f__UBA953_subtree_4"	5	5	999	0.0672782782782783	0	0.991991991991992	0.00941541541541542	0	0	NA	5	5	5	NA	2	0	1	0	0	0	0	1	1	1	1	0	1	1	1	1	1	4	"g__Spyradosoma"	"1977b1507504e405c8c96c8be2e3e131"
"f__Acutalibacteraceae_subtree_262"	7	12	999	0.103185185185185	0.21021021021021	0.828828828828829	0.010019019019019	0	0	NA	12	12	7	2	3	2	1	0	1	1	2	1	1	1	2	0	1	1	1	1	1	11	"g__CAG-177"	"81a08d79af25a453e3e951c41a5cde56"
"f__Dialisteraceae_subtree_22"	5	14	999	0.0674854854854855	0	0.98998998998999	0.0106416416416416	0	0	NA	14	14	5	4	2	0	1	2	0	1	0	2	4	2	2	0	1	1	1	1	1	13	"g__Dialister"	"8c28cf9d5b2d779c795153c119e8b972"
"f__UBA932_subtree_62"	7	9	999	0.0287947947947948	0	0.396396396396396	0.010992992992993	0	0	NA	9	9	7	2	3	0	1	0	2	1	1	2	1	1	0	0	1	1	1	1	1	9	"g__Cryptobacteroides"	"710a701f5873bf036aac4c06439e4cd7"
"f__Bacteroidaceae_subtree_217"	6	18	999	0.180116116116116	0.504504504504504	0.996996996996997	0.0172682682682683	0	0	NA	18	18	6	2	3	1	2	2	1	1	0	1	1	1	8	0	1	1	1	1	1	18	"g__Prevotella"	"b75e80ab20347ac0b77fddbef01430b3"
"f__Acutalibacteraceae_subtree_115"	5	6	999	0.0676936936936937	0	0.98998998998999	0.0175075075075075	0	0	NA	6	6	5	1	2	0	1	0	1	0	0	1	1	2	0	0	1	1	1	1	1	6	"g__SIG603"	"56d7a85e92a1d2884a81d754d65421ab"
"f__Lachnospiraceae_subtree_200"	5	5	999	0.0674894894894895	0	0.990990990990991	0.0175265265265265	0	0	NA	5	5	5	NA	3	0	1	0	0	0	1	0	1	1	1	0	1	1	1	1	1	5	"g__Alectryocaccobium"	"c351185551db299cb71529b89b4ae31d"
"f__Bacteroidaceae_subtree_373"	5	5	999	0.0674774774774775	0	0.992992992992993	0.0175925925925926	0	0	NA	5	5	5	NA	2	0	1	1	0	0	0	1	1	1	0	0	1	1	1	1	1	5	"g__Alloprevotella"	"f80c4355776d3c5c5b3cd12f0b327fbd"
"f__Oscillospiraceae_subtree_290"	7	14	999	0.151678678678679	0.504504504504504	0.827827827827828	0.0177747747747748	0	0	NA	14	14	7	4	3	0	3	0	1	0	1	2	2	1	2	2	1	1	1	1	1	12	"g__F23-B02"	"7da68c52a14ddebee89fec6e9fc964b8"
"f__Bacteroidaceae_subtree_188"	5	6	999	0.0676826826826827	0	0.991991991991992	0.017958958958959	0	0	NA	6	6	5	1	2	0	1	0	0	0	0	1	1	2	1	0	1	1	1	1	1	6	"g__Prevotella"	"1534cab87fee9aaedbb5a437d99695af"
"f__Bacteroidaceae_subtree_142"	5	7	999	0.0674574574574575	0	0.993993993993994	0.0201781781781782	0	0	NA	7	7	5	1	2	0	1	1	0	0	0	1	1	1	2	0	1	1	1	1	1	6	"g__Prevotella"	"6b3a56420e449a9b95c78bb938d9527b"
"f__Erysipelotrichaceae_subtree_60"	5	6	999	0.333862862862863	1	1	0.0217177177177177	0	0.00200200200200196	NA	6	6	5	1	2	0	1	0	1	0	0	1	1	2	0	0	1	1	1	1	1	6	"g__Bulleidia"	"0946d8d9e0a28bdd065371b4da96d20b"
"f__Acutalibacteraceae_subtree_235"	5	6	999	0.0677487487487488	0	0.985985985985986	0.0222842842842843	0	0	NA	6	6	5	1	3	0	1	0	1	0	2	1	0	0	1	0	1	1	1	1	1	6	"g__RUG806"	"fbb3cfad0466c5c83658534ebc224f27"
"f__Methanomethylophilaceae_subtree_4"	5	6	999	0.0678158158158158	0	0.98998998998999	0.0257787787787788	0	0	NA	6	6	5	1	3	1	1	0	2	0	1	1	0	0	0	0	1	1	1	1	1	6	"g__MX-02"	"f15e33f74928a0bb31fb98cdb37bbf11"
"f__Methanomethylophilaceae_subtree_24"	5	6	999	0.0671931931931932	0	0.988988988988989	0.0259349349349349	0	0	NA	6	6	5	1	2	0	1	0	0	0	0	1	2	1	1	0	1	1	1	1	1	6	"g__UBA71"	"ac8c56176eddc044af422d2c9aa6aaeb"
"f__Sphaerochaetaceae_subtree_6"	5	5	999	0.334568568568569	1	1	0.0262472472472472	0	0	NA	5	5	5	NA	2	0	1	0	1	0	0	1	1	1	0	0	1	1	1	1	1	5	"g__UBA9732"	"9b69c70c645bc4276cecec49458462e6"
"f__Eggerthellaceae_subtree_91"	6	8	999	0.147698698698699	0.488488488488488	0.488488488488488	0.0277487487487487	0	0.0870870870870871	NA	8	8	6	2	2	0	1	0	1	0	1	2	2	1	0	0	1	1	1	1	1	8	"g__Senegalimassilia"	"6408c7e517cf40657440e1bedcf32ba3"
"f__Eggerthellaceae_subtree_20"	6	11	999	0.169685685685686	0.488488488488488	0.488488488488488	0.0313533533533534	0	0.27027027027027	NA	11	11	6	4	2	0	2	0	1	0	1	2	3	2	0	0	1	1	1	1	1	11	"g__CAG-1427"	"b4fa62d1704b713ffc8910b34faf24df"
"f__Sphaerochaetaceae_subtree_24"	5	7	999	0.0671651651651652	0	0.990990990990991	0.0329179179179179	0	0.303303303303303	NA	7	7	5	1	2	0	1	0	3	0	1	1	0	1	0	0	1	1	1	1	1	7	"g__Ornithospirochaeta"	"8bb53e9900b82418aa0f7c43d74002e2"
"f__Acutalibacteraceae_subtree_36"	5	7	999	0.0675795795795796	0	0.994994994994995	0.0340990990990991	0	0.00100100100100098	NA	7	7	5	1	2	0	1	0	0	0	0	1	1	1	3	0	1	1	1	1	1	6	"g__Eubacterium_R"	"9bbd0ea7f63459cf7b8d12da9be4868c"
"f__CAG-917_subtree_18"	5	5	999	0.334362362362362	1	1	0.0341561561561562	0	0.00400400400400402	NA	5	5	5	NA	3	0	0	0	1	0	0	1	1	1	1	0	1	1	1	1	1	5	"g__CAG-475"	"e55070cd1914d2c80f807902f1a9429a"
"f__Burkholderiaceae_subtree_3"	5	9	999	0.0678018018018018	0.00100100100100098	0.990990990990991	0.0345235235235235	0	0.00900900900900903	NA	9	9	5	1	3	0	1	0	1	0	1	1	0	0	5	0	1	1	1	1	1	8	"g__Oxalobacter"	"5efa1aff26f826cd31109c2fde79db46"
"f__Erysipelotrichaceae_subtree_57"	6	7	999	0.0674734734734735	0	0.985985985985986	0.0375675675675676	0	0.03003003003003	NA	7	7	6	1	3	0	1	0	1	0	0	1	1	2	1	0	1	1	1	1	1	7	"g__Bulleidia"	"3d1e7cdd2e3be9b7ef3ad415091ebd54"
"f__Anaerovoracaceae_subtree_40"	6	12	999	0.152274274274274	0.348348348348348	0.848848848848849	0.0413903903903904	0.0830830830830831	0.323323323323323	NA	12	12	6	4	3	1	2	0	2	0	1	3	1	0	2	0	1	1	1	1	1	11	"g__CAG-238"	"28af69a30c721acbb96503199ac42169"
"f__Lachnospiraceae_subtree_107"	4	5	999	0.334970970970971	1	1	0.0421151151151151	0	0.128128128128128	NA	5	5	4	1	2	0	2	0	1	0	0	1	1	0	0	0	1	1	1	1	1	5	"g__Oribacterium"	"08fa0a208fbff6a8ca9f1dd899bba9d6"
"f__Oscillospiraceae_subtree_292"	6	11	999	0.179459459459459	0.492492492492492	0.912912912912913	0.0421391391391391	0.03003003003003	0.281281281281281	NA	11	11	6	4	3	0	3	0	1	0	0	2	2	1	2	0	1	1	1	1	1	9	"g__F23-B02"	"0617041cc1e12a56021e03815e7f5f92"
"f__Oscillospiraceae_subtree_119"	5	5	999	1	1	1	0.0423023023023023	0	0.132132132132132	NA	5	5	5	NA	3	0	1	0	1	0	0	0	1	1	1	0	1	1	1	1	1	5	"g__CAG-83"	"09c60cb5b95ec53bed423fc9a20377bd"
"f__UBA660_subtree_35"	4	5	999	0.334662662662663	1	1	0.0423913913913914	0	0.128128128128128	NA	5	5	4	1	2	0	1	0	0	0	0	0	2	1	1	0	1	1	1	1	1	3	"g__UBA3789"	"3c06c0e57968f29f44c666545757f0dd"
"f__Bacteroidaceae_subtree_284"	5	5	999	0.333495495495496	1	1	0.0423973973973974	0	0.131131131131131	NA	5	5	5	NA	2	0	1	0	0	0	0	1	1	1	1	0	1	1	1	1	1	5	"g__Prevotella"	"9bbe80d772700c29d40ec55810579eb4"
"f__Erysipelotrichaceae_subtree_4"	4	4	999	0.334332332332332	1	1	0.0425035035035035	0	0.126126126126126	NA	4	4	4	NA	2	0	1	0	0	0	0	0	1	1	1	0	1	1	1	1	1	4	"g__Bulleidia"	"5d38c15c8d57cf11959d1ab1ed0e8229"
"f__Bacteroidaceae_subtree_205"	4	4	999	0.333751751751752	1	1	0.0425075075075075	0	0.139139139139139	NA	4	4	4	NA	2	0	1	0	0	1	0	1	1	0	0	0	1	1	1	1	1	4	"g__Prevotella"	"75093c89e2cac5727e02aa268af9ba33"
"f__Oscillospiraceae_subtree_120"	4	4	999	1	1	1	0.0425255255255255	0	0.122122122122122	NA	4	4	4	NA	2	0	1	0	1	0	0	0	1	1	0	0	1	1	1	1	1	4	"g__CAG-83"	"ffea7f3c778d1a06d5ce60c70279fcec"
"f__Bacteroidaceae_subtree_343"	4	4	999	0.3351001001001	1	1	0.0425705705705706	0	0.138138138138138	NA	4	4	4	NA	2	0	0	0	1	0	1	1	1	0	0	0	1	1	1	1	1	4	"g__UBA6382"	"d9a2f3fde97d312b5e1d310f18651950"
"f__Paludibacteraceae_subtree_2"	4	4	999	1	1	1	0.0426186186186186	0	0.126126126126126	NA	4	4	4	NA	2	0	1	0	0	0	1	1	0	1	0	0	1	1	1	1	1	4	"g__UBA1181"	"10d815c980b697b00be00e707d7fb26b"
"f__Burkholderiaceae_subtree_42"	5	5	999	0.334289289289289	1	1	0.0426346346346346	0	0.15015015015015	NA	5	5	5	NA	2	0	1	0	0	1	0	1	1	1	0	0	1	1	1	1	1	5	"g__Duodenibacillus"	"85b4f77c844267dedbec480ff58ff5c9"
"f__Coriobacteriaceae_subtree_351"	4	4	999	0.334324324324324	1	1	0.0426746746746747	0	0.144144144144144	NA	4	4	4	NA	2	0	1	0	0	0	0	1	1	0	1	0	1	1	1	1	1	4	"g__Collinsella"	"67d4541d46581f30066a1e807e9fad99"
"f__Bacteroidaceae_subtree_342"	5	5	999	0.0677337337337337	0	0.991991991991992	0.0426866866866867	0	0.134134134134134	NA	5	5	5	NA	3	0	0	0	1	0	1	1	1	0	1	0	1	1	1	1	1	5	"g__UBA6382"	"04c882b9ab7efe70c4831d33dcc3e7e0"
"f__Paludibacteraceae_subtree_41"	4	4	999	0.334298298298298	1	1	0.0426866866866867	0	0.152152152152152	NA	4	4	4	NA	2	0	1	0	0	0	1	1	1	0	0	0	1	1	1	1	1	4	"g__RF16"	"28612c62ef71c60e898f612d02f04027"
"f__UBA1407_subtree_5"	4	4	999	0.333692692692693	1	1	0.0427647647647648	0	0.144144144144144	NA	4	4	4	NA	3	0	0	0	1	0	1	1	0	0	1	0	1	1	1	1	1	4	"g__UBA1724"	"59d0d1f50b614314ca32f75a2d3a1a39"
"f__UBA1067_subtree_20"	4	4	999	0.334402402402402	1	1	0.0427737737737738	0	0.147147147147147	NA	4	4	4	NA	2	0	0	0	1	0	1	1	1	0	0	0	1	1	1	1	1	4	"g__UBA1067"	"7326e43501a38b153bc2d1834ac02a52"
"f__Bacteroidaceae_subtree_98"	4	4	999	0.334051051051051	1	1	0.0427797797797798	0	0.159159159159159	NA	4	4	4	NA	2	0	1	0	1	0	1	1	0	0	0	0	1	1	1	1	1	4	"g__Phocaeicola_A"	"c3d9d33cf60420ac7638319f5db2c984"
"f__Sphaerochaetaceae_subtree_25"	4	4	999	0.334462462462462	1	1	0.0428178178178178	0	0.15015015015015	NA	4	4	4	NA	2	0	1	0	1	0	0	1	0	1	0	0	1	1	1	1	1	4	"g__Ornithospirochaeta"	"4e06afad26e46e618e73b6712813d55d"
"f__Lachnospiraceae_subtree_372"	4	5	999	0.333665665665666	1	1	0.0429479479479479	0	0.147147147147147	NA	5	5	4	1	3	0	1	0	1	0	0	0	0	1	2	0	1	1	1	1	1	5	"g__AM51-8"	"494bd7509ad8858c2673c3cd5781c561"
"f__Fibrobacteraceae_subtree_1"	6	8	999	0.175418418418418	0.505505505505506	0.505505505505506	0.0463223223223223	0	0.427427427427427	NA	8	8	6	2	3	0	2	0	0	0	1	1	1	2	1	0	1	1	1	1	1	8	"g__Hallerella"	"e4cff5a27cb9072e98e6ac14c2c08bca"
"f__W3P20-009_subtree_4"	5	5	999	0.333457457457457	1	1	0.0509139139139139	0	0.561561561561562	NA	5	5	5	NA	2	0	1	0	1	0	1	1	0	1	0	0	1	1	1	1	1	5	"g__W3P20-009"	"14e85e311e22ab47bdc4f64d32de6d2b"
"f__Lachnospiraceae_subtree_401"	7	11	999	0.132513513513514	0.495495495495496	0.686686686686687	0.0537207207207207	0.189189189189189	0.583583583583584	NA	11	11	7	4	3	0	2	0	1	1	1	1	2	2	1	0	1	1	1	1	1	11	"g__CAG-791"	"12becc5281fd4f5e4133580eb46a080b"
"f__Bacteroidaceae_subtree_321"	5	5	999	0.0675485485485486	0	0.988988988988989	0.058985985985986	0	0.915915915915916	NA	5	5	5	NA	3	0	1	0	1	0	1	1	0	0	1	0	1	1	1	1	1	5	"g__UBA1786"	"15c92f2cfbb85863085ef7d3cbacc9a7"
"f__Paludibacteraceae_subtree_5"	5	5	999	0.334476476476476	1	1	0.0591581581581582	0	0.903903903903904	NA	5	5	5	NA	2	0	1	0	1	0	1	1	0	1	0	0	1	1	1	1	1	5	"g__UBA1181"	"c5c3547a58a1946caaea0d7ce25b3f2d"
"f__UBA932_subtree_14"	6	17	999	0.192146146146146	0.545545545545546	0.878878878878879	0.0625435435435436	0.207207207207207	0.490490490490491	NA	17	17	6	5	3	1	5	1	1	1	2	2	0	2	2	0	1	1	1	1	1	16	"g__Cryptobacteroides"	"adc35cbfcae1f2a4493503cb80313f81"
"f__Treponemataceae_subtree_22"	4	7	999	0.33442042042042	1	1	0.0625815815815816	0.24024024024024	0.348348348348348	NA	7	7	4	1	3	0	1	0	0	2	1	1	0	0	2	0	1	1	1	1	1	7	"g__Treponema_D"	"7c90418f05296bbda145dfc2b02db611"
"f__UBA932_subtree_48"	5	6	999	0.333891891891892	1	1	0.0633523523523524	0	0.782782782782783	NA	6	6	5	1	2	0	1	0	2	0	1	1	0	1	0	0	1	1	1	1	1	6	"g__Cryptobacteroides"	"273696de431c836cacbd022de00b51e0"
"f__Bacteroidaceae_subtree_335"	4	5	999	0.334515515515516	1	1	0.0644314314314314	0.024024024024024	0.603603603603604	NA	5	5	4	1	2	0	1	0	0	2	0	1	1	0	0	0	1	1	1	1	1	5	"g__UBA6398"	"92ec0fd7b5f006a51b8b639b2a86d72c"
"f__UBA932_subtree_63"	6	8	999	0.174117117117117	0.503503503503503	0.503503503503503	0.0693263263263263	0.452452452452452	0.503503503503503	NA	8	8	6	2	2	0	1	0	2	0	1	2	1	1	0	0	1	1	1	1	1	8	"g__Cryptobacteroides"	"6eb90e2a79e205d5ed2988c587e38793"
"f__Methanomethylophilaceae_subtree_14"	5	6	999	0.334277277277277	1	1	0.0708968968968969	0.287287287287287	0.554554554554554	NA	6	6	5	1	2	0	1	0	0	0	0	2	1	1	1	0	1	1	1	1	1	6	"g__UBA71"	"f659618ba5ae9b2067b5531dc211d5d0"
"f__Oscillospiraceae_subtree_243"	4	8	999	0.659677677677678	1	1	0.0718828828828829	0.227227227227227	0.343343343343343	NA	8	8	4	2	3	1	2	1	1	0	0	0	1	0	2	0	1	1	1	1	1	8	"g__UBA738"	"d0023449dd26c3f1c96cea9ced324417"
"f__Fibrobacteraceae_subtree_6"	5	7	999	0.526061061061061	0.492492492492492	0.996996996996997	0.075038038038038	0.491491491491492	0.491491491491492	NA	7	7	5	2	2	0	2	0	0	0	1	1	1	2	0	0	1	1	1	1	1	7	"g__Hallerella"	"66d2972e8cca09221df876ad5e19e440"
"f__CAG-74_subtree_19"	5	5	999	1	1	1	0.0757537537537537	0.00300300300300305	1	NA	5	5	5	NA	3	0	1	0	1	0	1	1	0	0	1	0	1	1	1	1	1	4	"g__UBA11524"	"1e7eba8990e68e0ccdb2e7bc1f03309a"
"f__Treponemataceae_subtree_16"	5	6	999	0.334118118118118	1	1	0.0762292292292292	0.00800800800800805	0.997997997997998	NA	6	6	5	1	3	0	1	0	0	0	1	1	1	0	2	0	1	1	1	1	1	6	"g__Treponema_D"	"ae0f52621047c4294b1bf8cdd0be8274"
"f__Paludibacteraceae_subtree_6"	6	6	999	0.289805805805806	1	1	0.0773433433433433	0.005005005005005	0.998998998998999	NA	6	6	6	NA	3	0	1	0	1	0	1	1	0	1	1	0	1	1	1	1	1	6	"g__UBA1181"	"dd4b3b95d351948fef5beaf5ac539438"
"f__Paludibacteraceae_subtree_25"	5	8	999	1	1	1	0.0789159159159159	0.262262262262262	0.754754754754755	NA	8	8	5	3	2	0	2	0	0	1	0	1	2	1	1	0	1	1	1	1	1	8	"g__RF16"	"f6f3419e7a0f7880830f378b9de2c26e"
"f__UBA660_subtree_161"	5	8	999	0.333950950950951	1	1	0.0821871871871872	0.432432432432432	0.780780780780781	NA	8	8	5	3	3	0	2	0	0	0	1	0	2	1	2	0	1	1	1	1	1	8	"g__Coprosoma"	"70b3bed8db0b3491ac7283c641ad5bbd"
"f__Erysipelotrichaceae_subtree_36"	4	4	999	0.334303303303303	1	1	0.0837147147147147	0.0380380380380381	1	NA	4	4	4	NA	2	0	1	0	0	0	0	0	1	1	1	0	1	1	1	1	1	4	"g__Absicoccus"	"28da8e05f778b2aecd13f4bd55756631"
"f__CAG-826_subtree_31"	4	4	999	0.334566566566567	1	1	0.0838858858858859	0.045045045045045	1	NA	4	4	4	NA	2	0	1	0	0	0	1	0	1	1	0	0	1	1	1	1	1	4	"g__UBA4951"	"6ae207dec932a9bf57096b113e7dc976"
"f__Sphaerochaetaceae_subtree_10"	4	5	999	0.33362962962963	1	1	0.0838998998998999	0.0370370370370371	1	NA	5	5	4	1	2	0	1	0	0	1	0	1	1	0	1	0	1	1	1	1	1	5	"g__UBA9732"	"4fbe21dd8b42947a8cad64a3ec952742"
"f__Bacteroidaceae_subtree_160"	4	4	999	0.334561561561562	1	1	0.0841211211211211	0.036036036036036	1	NA	4	4	4	NA	2	0	1	1	0	0	0	1	0	1	0	0	1	1	1	1	1	4	"g__Prevotella"	"d2b24355e75c994521d5443e307f97b5"
"f__Lachnospiraceae_subtree_201"	4	4	999	0.334387387387387	1	1	0.0841471471471471	0.041041041041041	1	NA	4	4	4	NA	2	0	1	0	0	0	0	0	1	1	1	0	1	1	1	1	1	4	"g__Alectryocaccobium"	"1eed04c984fd1ad2d40751afc850176a"
"f__Lachnospiraceae_subtree_382"	4	5	999	0.33406006006006	1	1	0.0841511511511512	0.031031031031031	1	NA	5	5	4	1	2	0	0	0	0	0	0	1	1	1	1	1	1	1	1	1	1	4	"g__Eubacterium_I"	"17c556f366bcfad014493f18fb5ff58b"
"f__Muribaculaceae_subtree_136"	4	4	999	0.333359359359359	1	1	0.0842872872872873	0.05005005005005	1	NA	4	4	4	NA	2	0	1	0	0	1	0	1	1	0	0	0	1	1	1	1	1	4	"g__Sodaliphilus"	"dab00f2d0948d1716e59da24f74b7a39"
"f__CAG-288_subtree_10"	5	5	999	0.0672422422422422	0	0.991991991991992	0.0843653653653654	0.041041041041041	1	NA	5	5	5	NA	3	0	0	0	1	0	0	1	1	1	1	0	1	1	1	1	1	5	"g__Enterosoma"	"b2c651d7ea13435d8117b8329e27234f"
"f__CAG-272_subtree_16"	4	4	999	0.333804804804805	1	1	0.0846746746746747	0.0470470470470471	1	NA	4	4	4	NA	2	1	0	0	0	0	0	1	1	1	0	0	1	1	1	1	1	3	"g__CAG-841"	"db97cef2e39c79601306bff4ea40428f"
"f__Anaerovoracaceae_subtree_11"	4	4	999	0.33409009009009	1	1	0.0846876876876877	0.0530530530530531	1	NA	4	4	4	NA	3	0	1	0	1	0	0	0	1	0	1	0	1	1	1	1	1	4	"g__UMGS973"	"5b1a6ca332182ef13c6b1333d1c03dc1"
"f__Bacteroidaceae_subtree_198"	4	4	999	0.334318318318318	1	1	0.0847787787787788	0.0380380380380381	1	NA	4	4	4	NA	3	0	1	0	1	0	0	0	0	1	1	0	1	1	1	1	1	4	"g__Prevotella"	"f21d5af0fa230c9ca37a7bb214985479"
"f__Lachnospiraceae_subtree_404"	6	9	999	0.159173173173173	0.476476476476477	0.73973973973974	0.085019019019019	0.471471471471472	0.740740740740741	NA	9	9	6	3	2	0	2	0	1	0	1	1	2	2	0	0	1	1	1	1	1	9	"g__CAG-791"	"f592714800e23a14bb1079b0f1cd156a"
"f__Sphaerochaetaceae_subtree_16"	7	15	999	0.420730730730731	0.7997997997998	0.885885885885886	0.100167167167167	0.347347347347347	0.604604604604605	NA	15	15	7	4	3	0	2	0	3	0	1	4	3	1	1	0	1	1	1	1	1	15	"g__Ornithospirochaeta"	"8048b1775d8b72b31ee6345d111e10c5"
"f__Oscillospiraceae_subtree_277"	5	6	999	0.668103103103103	1	1	0.101322322322322	0.501501501501502	0.501501501501502	NA	6	6	5	1	3	0	1	0	0	0	1	1	1	0	2	0	1	1	1	1	1	5	"g__Limivicinus"	"00c10b4b3235bba8c4e6676749747bd9"
"f__CAG-826_subtree_15"	7	10	999	0.158515515515516	0.524524524524524	0.642642642642643	0.101468468468468	0.681681681681682	0.682682682682683	NA	10	10	7	2	3	0	1	0	1	1	1	3	1	2	0	0	1	1	1	1	1	10	"g__UBA4951"	"dfd35521df4c2e35e228f83fdcf9af33"
"f__Atopobiaceae_subtree_30"	5	9	999	0.0675915915915916	0	0.991991991991992	0.108076076076076	0.556556556556557	1	NA	9	9	5	2	3	0	1	0	0	0	1	1	3	0	3	0	1	1	1	1	1	8	"g__Parolsenella"	"4e78b86ab1d2a28bed43070e1ff2c28c"
"f__Nanosyncoccaceae_subtree_4"	6	8	999	0.586826826826827	0.754754754754755	1	0.108142142142142	0.511511511511512	0.754754754754755	NA	8	8	6	2	2	0	2	0	2	0	1	1	1	1	0	0	1	1	1	1	1	8	"g__Nanosyncoccus"	"cccefc701341c60b474988c5f9bc2a87"
"f__Atopobiaceae_subtree_31"	4	6	999	0.334152152152152	1	1	0.112505505505506	0.366366366366366	1	NA	6	6	4	1	2	0	1	0	0	0	1	1	3	0	0	0	1	1	1	1	1	6	"g__Parolsenella"	"201da2fc9fb6491b9aa3a991bd8f0918"
"f__Treponemataceae_subtree_8"	4	8	999	0.333282282282282	1	1	0.113813813813814	0.153153153153153	1	NA	8	8	4	2	3	0	0	2	1	0	1	0	0	2	2	0	1	1	1	1	1	8	"g__Treponema_D"	"94083babd057b95f9578d4f8c8a0a5ca"
"f__CAG-288_subtree_17"	5	6	999	1	1	1	0.117522522522523	0.498498498498498	0.56956956956957	NA	6	6	5	1	2	0	1	0	0	0	0	1	2	1	1	0	1	1	1	1	1	6	"g__Enterosoma"	"4a783ce0d0fee3357b966cf5bf05e821"
"f__Anaeroplasmataceae_subtree_4"	4	9	999	0.674012012012012	1	1	0.118754754754755	0.523523523523524	0.943943943943944	NA	9	9	4	4	2	0	2	0	0	0	0	2	3	0	1	1	1	1	1	1	1	9	"g__CAG-307"	"29a7476ec949ce0a7d885d6739fd7bef"
"f__Ruminococcaceae_subtree_85"	5	29	999	1	1	1	0.119750750750751	0.595595595595596	0.802802802802803	NA	29	29	5	2	3	2	1	0	1	0	0	1	4	0	18	2	1	1	1	1	1	27	"g__Faecalibacterium"	"9d3cc587255ecc346c96e4ba20f4fbde"
"f__Erysipelotrichaceae_subtree_44"	5	11	999	0.183347347347347	0.436436436436436	0.993993993993994	0.123808808808809	0.442442442442442	0.493493493493493	NA	11	11	5	3	3	0	4	0	1	0	2	0	0	3	1	0	1	1	1	1	1	11	"g__UBA636"	"43d2fe1a341c7f4109abfd4498b8dc79"
"f__UBA932_subtree_15"	5	15	999	0.689947947947948	0.904904904904905	1	0.124202202202202	0.557557557557558	0.815815815815816	NA	15	15	5	4	3	1	5	1	0	1	1	2	0	2	2	0	1	1	1	1	1	14	"g__Cryptobacteroides"	"721c8a3024071a2157faefa87b3f3282"
"f__Treponemataceae_subtree_17"	4	4	999	1	1	1	0.125344344344344	0.995995995995996	1	NA	4	4	4	NA	2	0	1	0	0	0	1	1	1	0	0	0	1	1	1	1	1	4	"g__Treponema_D"	"7d622e4a6ac294543e9b256a4fd34658"
"f__Oscillospiraceae_subtree_138"	4	4	999	1	1	1	0.125741741741742	0.995995995995996	1	NA	4	4	4	NA	2	0	1	0	0	0	0	1	1	0	1	0	1	1	1	1	1	3	"g__CAG-83"	"9cd86b33801e73e69a490d7cab56cd10"
"f__CAG-449_subtree_6"	4	4	999	1	1	1	0.125860860860861	0.995995995995996	1	NA	4	4	4	NA	2	0	1	0	1	0	0	1	1	0	0	0	1	1	1	1	1	4	"g__UBA3210"	"8c750bb72002c94ee5ae43fedc365480"
"f__CAG-288_subtree_11"	4	4	999	0.333702702702703	1	1	0.126042042042042	0.993993993993994	1	NA	4	4	4	NA	2	0	0	0	1	0	0	1	1	1	0	0	1	1	1	1	1	4	"g__Enterosoma"	"ea4d59f7cc3c8c2c387d5a00e68633ac"
"f__CAG-826_subtree_37"	5	5	999	0.0674494494494494	0.00100100100100098	0.98998998998999	0.126054054054054	0.995995995995996	1	NA	5	5	5	NA	2	0	1	0	1	0	1	1	1	0	0	0	1	1	1	1	1	5	"g__UBA4951"	"d06a2459ff5a4ec68c6ff5fee1541cfb"
"f__Bacteroidaceae_subtree_289"	5	8	999	0.810369369369369	0.883883883883884	1	0.128932932932933	0.754754754754755	0.761761761761762	NA	8	8	5	3	2	0	2	0	0	0	0	2	1	2	1	0	1	1	1	1	1	8	"g__Prevotella"	"ecb692ce9803e02b3f00e8c10f1b4b76"
"f__CAG-239_subtree_33"	4	8	999	1	1	1	0.133550550550551	0.996996996996997	1	NA	8	8	4	1	2	0	1	0	0	1	0	1	0	1	4	0	1	1	1	1	1	8	"g__RUG410"	"d173a1e298415a730303ccb42e8c939f"
"f__CAG-826_subtree_43"	7	10	999	0.489165165165165	0.472472472472472	0.687687687687688	0.133574574574575	0.731731731731732	0.93993993993994	NA	10	10	7	3	3	0	2	0	2	0	1	1	1	1	2	0	1	1	1	1	1	10	"g__Enteromonas"	"c4c0bbe137e8808218a6772bc6c94237"
"f__UMGS124_subtree_1"	4	6	999	1	1	1	0.139960960960961	0.995995995995996	1	NA	6	6	4	1	2	0	1	0	0	0	0	1	1	0	3	0	1	1	1	1	1	6	"g__UMGS124"	"04416b5c6df0e569f6ab72f84325a7eb"
"f__Bacteroidaceae_subtree_355"	6	22	999	0.838478478478478	0.95995995995996	0.984984984984985	0.149801801801802	0.562562562562563	0.786786786786787	NA	22	22	6	5	3	0	4	3	0	0	1	3	2	2	7	0	1	1	1	1	1	22	"g__Alloprevotella"	"bfbffa07048fc0a3746e8e068861bde3"
"f__W3P20-009_subtree_1"	6	11	999	0.605611611611612	0.794794794794795	0.961961961961962	0.151775775775776	0.634634634634635	0.726726726726727	NA	11	11	6	5	3	0	2	0	2	0	2	2	0	2	1	0	1	1	1	1	1	10	"g__W3P20-009"	"8e4f7d74dbf7d400a4a0b2b44fc2adcc"
"f__Tannerellaceae_subtree_10"	4	10	999	0.334059059059059	1	1	0.154242242242242	0.847847847847848	1	NA	10	10	4	1	3	0	1	0	1	0	0	1	0	0	7	0	1	1	1	1	1	10	"g__Parabacteroides"	"d2c3a74a393e2eb16ca7bbe9cf2b4ece"
"f__Burkholderiaceae_subtree_53"	6	8	999	0.538920920920921	0.505505505505506	0.996996996996997	0.155907907907908	0.505505505505506	0.524524524524524	NA	8	8	6	2	3	0	1	0	2	0	0	1	1	1	2	0	1	1	1	1	1	8	"g__Duodenibacillus"	"f5267c636b75127c9e95cf284e65b1c8"
"f__Bacteroidaceae_subtree_253"	5	12	999	0.518076076076076	0.513513513513513	0.995995995995996	0.157225225225225	0.513513513513513	0.710710710710711	NA	12	12	5	3	2	0	1	1	0	0	0	2	3	1	4	0	1	1	1	1	1	12	"g__Prevotella"	"e815177f5c7caac64bc13530c32481cb"
"f__Bacteroidaceae_subtree_307"	5	11	999	1	1	1	0.161234234234234	0.783783783783784	1	NA	11	11	5	4	2	0	3	0	0	0	0	2	2	1	3	0	1	1	1	1	1	11	"g__Prevotella"	"6603e26baca2f763f5ef57736c0612dc"
"f__Treponemataceae_subtree_7"	7	15	999	0.753138138138138	1	1	0.166827827827828	0.650650650650651	0.683683683683684	NA	15	15	7	3	3	0	1	2	1	0	3	1	1	2	4	0	1	1	1	1	1	15	"g__Treponema_D"	"ff2b869de11b81b2ac8e1f359c465833"
"f__Bacteroidaceae_subtree_409"	4	4	999	0.333820820820821	1	1	0.16738038038038	1	1	NA	4	4	4	NA	2	0	1	0	1	0	1	1	0	0	0	0	1	1	1	1	1	4	"g__UBA2918"	"fcb0bb99701509c10497cf86b28775e4"
"f__CAG-917_subtree_19"	4	4	999	1	1	1	0.167781781781782	1	1	NA	4	4	4	NA	2	0	0	0	1	0	0	1	1	1	0	0	1	1	1	1	1	4	"g__CAG-475"	"f064a5c46abcb3fae8d55a691ae99dae"
"f__CAG-826_subtree_55"	4	5	999	1	1	1	0.167881881881882	1	1	NA	5	5	4	1	2	0	0	0	1	0	0	2	1	1	0	0	1	1	1	1	1	5	"g__UBA3207"	"15fcedff360343f819a8d41a0a3c6fb9"
"f__UBA1067_subtree_11"	4	6	999	0.570247247247247	1	1	0.16895995995996	0.676676676676677	1	NA	6	6	4	1	3	0	0	0	1	1	0	1	0	1	2	0	1	1	1	1	1	6	"g__RUG572"	"c05b08ce35868fca7866893758ceeeb1"
"f__CAG-826_subtree_45"	5	6	999	0.520402402402402	0.485485485485486	0.996996996996997	0.170735735735736	0.485485485485486	0.485485485485486	NA	6	6	5	1	2	0	1	0	2	0	1	1	0	1	0	0	1	1	1	1	1	6	"g__Enteromonas"	"6c81d8c0bfe14ef29b0f99bab29a8071"
"f__Lachnospiraceae_subtree_106"	5	12	999	0.207764764764765	0.524524524524524	0.993993993993994	0.176937937937938	1	1	NA	12	12	5	3	3	0	2	0	1	1	0	1	2	0	5	0	1	1	1	1	1	11	"g__Oribacterium"	"4aa1a8bf6020ebd97bd55c0638d12d74"
"f__Lachnospiraceae_subtree_120"	7	10	999	1	1	1	0.182238238238238	0.877877877877878	1	NA	10	10	7	3	3	0	1	0	1	0	2	2	2	1	1	0	1	1	1	1	1	5	"g__KLE1615"	"f76e89bae8c01d1eed86a5e53a60b2e4"
"f__CAG-288_subtree_9"	6	14	999	0.658226226226226	1	1	0.182296296296296	0.761761761761762	0.855855855855856	NA	14	14	6	4	3	0	1	0	1	1	0	2	3	2	4	0	1	1	1	1	1	14	"g__Enterosoma"	"f3c325d89631e0dd9a2d7c58100238b3"
"f__Atopobiaceae_subtree_4"	6	7	999	0.0676816816816817	0	0.993993993993994	0.191902902902903	0.998998998998999	1	NA	7	7	6	1	3	0	2	0	1	1	1	1	0	1	0	0	1	1	1	1	1	6	"g__Paratractidigestivibacter"	"8cce3a1850569e96c29ccc21c6cc480c"
"f__Bacteroidaceae_subtree_194"	7	7	999	1	1	1	0.197700700700701	1	1	NA	7	7	7	NA	3	0	1	0	1	0	1	1	1	1	1	0	1	1	1	1	1	7	"g__Prevotella"	"243ffd893f6e551fe6754fe226a01ddf"
"f__Sphaerochaetaceae_subtree_17"	6	14	999	0.41339039039039	0.763763763763764	0.891891891891892	0.200671671671672	0.682682682682683	0.860860860860861	NA	14	14	6	4	2	0	2	0	3	0	1	4	3	1	0	0	1	1	1	1	1	14	"g__Ornithospirochaeta"	"ffb3a27b56cf1353011afc9a631efa27"
"f__UBA932_subtree_72"	6	14	999	0.691800800800801	0.836836836836837	0.836836836836837	0.205860860860861	0.676676676676677	0.814814814814815	NA	14	14	6	3	3	0	1	1	1	1	0	3	1	2	4	0	1	1	1	1	1	12	"g__Cryptobacteroides"	"172bda4e29c5506b0bc98226ef585515"
"f__Desulfovibrionaceae_subtree_29"	4	4	999	0.333389389389389	1	1	0.208534534534535	1	1	NA	4	4	4	NA	2	0	1	0	0	1	0	1	1	0	0	0	1	1	1	1	1	4	"g__Desulfovibrio"	"f6764bcf39716ea54c328c6fdcc1ae02"
"f__Methanomethylophilaceae_subtree_8"	4	4	999	0.334525525525526	1	1	0.208785785785786	1	1	NA	4	4	4	NA	2	0	0	0	1	0	1	1	1	0	0	0	1	1	1	1	1	4	"g__Methanomethylophilus"	"e94875a6fc5f170d47f4381812c56f23"
"f__UBA932_subtree_95"	4	6	999	0.333941941941942	1	1	0.209493493493493	1	1	NA	6	6	4	2	3	1	2	0	1	1	0	0	1	0	0	0	1	1	1	1	1	6	"g__Cryptobacteroides"	"3b9c895c179569e6c24dfe701585819e"
"f__CAG-826_subtree_69"	4	5	999	0.670414414414414	1	1	0.209535535535536	1	1	NA	5	5	4	1	2	0	2	0	1	0	0	1	0	1	0	0	1	1	1	1	1	5	"g__Onthovivens"	"bfde4dd080d9fa44bf9e75a269356726"
"f__Butyricicoccaceae_subtree_24"	6	6	999	1	1	1	0.210387387387387	1	1	NA	6	6	6	NA	3	0	1	0	0	0	1	1	1	1	1	0	1	1	1	1	1	4	"g__Butyricicoccus_A"	"1da66b3899a10356ad445d93e42e8fd9"
"f__UBA1067_subtree_5"	5	9	999	0.264666666666667	0.738738738738739	0.998998998998999	0.224974974974975	0.882882882882883	0.882882882882883	NA	9	9	5	2	2	0	0	0	1	0	1	4	2	1	0	0	1	1	1	1	1	9	"g__UBA1067"	"fc7dd60f6c16e293b762986c1aab6d6d"
"f__Oscillospiraceae_subtree_106"	4	5	999	1	1	1	0.229711711711712	1	1	NA	5	5	4	1	2	0	1	1	0	0	0	1	1	0	0	1	1	1	1	1	1	3	"g__ER4"	"9c9ef8c64869e42de7f8fc82b1c3ded3"
"f__UBA932_subtree_92"	5	9	999	0.575313313313313	1	1	0.231024024024024	0.385385385385385	0.771771771771772	NA	9	9	5	3	3	1	2	0	3	1	1	0	1	0	0	0	1	1	1	1	1	9	"g__Cryptobacteroides"	"7889ba39d3b038e7431368926e5a8597"
"f__Lachnospiraceae_subtree_508"	4	6	999	0.334307307307307	1	1	0.233764764764765	0.997997997997998	1	NA	6	6	4	1	2	1	1	0	0	0	0	1	1	0	2	0	1	1	1	1	1	6	"g__Lachnospira"	"894ce8e8ebb5275f935c3a8cba3ce0ee"
"f__CAG-449_subtree_5"	5	5	999	1	1	1	0.234459459459459	1	1	NA	5	5	5	NA	3	0	1	0	1	0	0	1	1	0	1	0	1	1	1	1	1	5	"g__UBA3210"	"9bd7ca85bad5776187a432bb278289c0"
"f__UBA932_subtree_46"	7	11	999	0.205185185185185	0.692692692692693	0.943943943943944	0.242848848848849	1	1	NA	11	11	7	3	3	0	2	0	2	0	1	3	1	1	1	0	1	1	1	1	1	11	"g__Cryptobacteroides"	"a16d6bf3c6fdf8c704fed3923f42d9fa"
"f__Erysipelotrichaceae_subtree_45"	4	9	999	0.619907907907908	1	1	0.242905905905906	0.833833833833834	0.861861861861862	NA	9	9	4	2	3	0	4	0	0	0	1	0	0	3	1	0	1	1	1	1	1	9	"g__UBA636"	"9fd00d9d276e3a7817543e50bfd4af5f"
"f__Erysipelotrichaceae_subtree_25"	4	9	999	1	1	1	0.244284284284284	1	1	NA	9	9	4	1	2	0	1	0	0	0	0	1	1	0	6	0	1	1	1	1	1	9	"g__Holdemanella"	"c8a690ef29352a1b122d82a99d233736"
"f__Anaerolineaceae_subtree_1"	4	5	999	0.333419419419419	1	1	0.248944944944945	1	1	NA	5	5	4	1	2	0	1	0	1	0	2	0	1	0	0	0	1	1	1	1	1	5	"g__Flexilinea"	"cbce2e1457d755aeac565cd841e19880"
"f__Lachnospiraceae_subtree_426"	4	10	999	1	1	1	0.250657657657658	1	1	NA	10	10	4	1	2	0	1	1	0	1	0	1	1	0	4	1	1	1	1	1	1	10	"g__Acetatifactor"	"9c805396b1e4f3f53dec8c1dbb16a49a"
"f__Lachnospiraceae_subtree_356"	4	5	999	0.334165165165165	1	1	0.250698698698699	1	1	NA	5	5	4	1	3	1	0	0	1	0	1	1	0	0	1	0	1	1	1	1	1	5	"g__W0P33-017"	"91e8ed7238033d89eaf58dc83cf8c474"
"f__Succinivibrionaceae_subtree_16"	4	4	999	1	1	1	0.250857857857858	1	1	NA	4	4	4	NA	2	0	1	0	0	0	0	1	1	0	1	0	1	1	1	1	1	4	"g__Succinivibrio"	"e513c3787cc356ed44d7e41da8030870"
"f__Oscillospiraceae_subtree_274"	6	11	999	0.607892892892893	0.903903903903904	0.998998998998999	0.255546546546547	0.483483483483483	0.70970970970971	NA	11	11	6	2	3	0	2	0	1	0	1	1	1	0	5	0	1	1	1	1	1	10	"g__Limivicinus"	"ff564a63409cbf7627b8e60674e2ef0e"
"f__Methanomethylophilaceae_subtree_6"	5	6	999	0.203586586586587	0.511511511511512	0.995995995995996	0.255717717717718	0.511511511511512	0.581581581581582	NA	6	6	5	1	3	0	0	0	2	0	1	1	1	0	1	0	1	1	1	1	1	6	"g__Methanomethylophilus"	"1b707792490ae8b70c5c42511bcdf89b"
"f__Coprobacillaceae_subtree_21"	5	5	999	1	1	1	0.258932932932933	1	1	NA	5	5	5	NA	3	0	0	0	0	0	1	1	1	1	1	0	1	1	1	1	1	2	"g__Faecalibacillus"	"e9ec9cdda80e2dacf3d3d1c2e8cbbcd4"
"f__Bifidobacteriaceae_subtree_24"	6	11	999	1	1	1	0.260312312312312	1	1	NA	11	11	6	2	3	1	1	0	0	0	1	1	1	2	4	0	1	1	1	1	1	10	"g__Bifidobacterium"	"ca8d324965794c039a62beb9df3d8a53"
"f__Acidaminococcaceae_subtree_19"	5	15	999	1	1	1	0.27050950950951	1	1	NA	15	15	5	1	3	1	1	3	0	3	1	1	1	0	3	1	1	1	1	1	1	14	"g__Phascolarctobacterium_A"	"db348fb440b95a52588e1daf8e9ece32"
"f__Oscillospiraceae_subtree_229"	4	7	999	0.33398998998999	1	1	0.270922922922923	1	1	NA	7	7	4	1	3	0	1	0	1	1	0	0	1	0	3	0	1	1	1	1	1	6	"g__UMGS1766"	"877b29de6e98f1feec86caadc625ce5c"
"f__Paludibacteraceae_subtree_21"	6	20	999	0.803725725725726	0.978978978978979	0.998998998998999	0.275977977977978	0.72972972972973	0.871871871871872	NA	20	20	6	5	3	0	4	1	0	2	1	3	3	2	4	0	1	1	1	1	1	20	"g__RF16"	"2177bc7ec562da6a27cb25a73720ae53"
"f__Butyricicoccaceae_subtree_25"	5	5	999	1	1	1	0.284571571571572	1	1	NA	5	5	5	NA	2	0	1	0	0	0	1	1	1	1	0	0	1	1	1	1	1	3	"g__Butyricicoccus_A"	"fd4b0cbab5bf5e4a3c5a06812ecb0f0d"
"f__CAG-826_subtree_44"	6	8	999	0.567895895895896	0.746746746746747	0.998998998998999	0.285371371371371	0.725725725725726	1	NA	8	8	6	2	2	0	2	0	2	0	1	1	1	1	0	0	1	1	1	1	1	8	"g__Enteromonas"	"e8700fc3fe697d25aab47a2515940f03"
"f__Lachnospiraceae_subtree_409"	4	4	999	0.333438438438438	1	1	0.291681681681682	1	1	NA	4	4	4	NA	2	0	1	0	1	0	1	0	1	0	0	0	1	1	1	1	1	4	"g__CAG-791"	"626a39e179e54d3b1b0981cd9e8bb02d"
"f__Acutalibacteraceae_subtree_271"	5	5	999	1	1	1	0.292251251251251	1	1	NA	5	5	5	NA	2	1	1	0	0	0	0	1	1	1	0	0	1	1	1	1	1	4	"g__CAG-177"	"ee25b47480531dba4bc9b6b19d4c26b3"
"f__WCHB1-69_subtree_1"	4	4	999	0.33411011011011	1	1	0.292363363363363	1	1	NA	4	4	4	NA	2	0	1	0	1	0	1	1	0	0	0	0	1	1	1	1	1	4	"g__F23-D06"	"1629bd04434593e5c7999ffefbf50936"
"f__Bacteroidaceae_subtree_322"	4	4	999	0.333615615615616	1	1	0.292708708708709	1	1	NA	4	4	4	NA	2	0	1	0	1	0	1	1	0	0	0	0	1	1	1	1	1	4	"g__UBA1786"	"f358a6dcd26376830e1f1a824f3f868e"
"f__CAG-826_subtree_30"	6	9	999	0.607471471471472	0.76976976976977	1	0.304251251251251	1	1	NA	9	9	6	3	2	0	2	0	1	0	2	1	2	1	0	0	1	1	1	1	1	9	"g__UBA4951"	"647f48950c8a4cc12fac659d14de4a4f"
"f__Atopobiaceae_subtree_7"	7	14	999	0.14702002002002	0.530530530530531	0.803803803803804	0.305890890890891	0.684684684684685	0.783783783783784	NA	14	14	7	4	3	0	3	0	1	1	1	3	1	2	2	0	1	1	1	1	1	13	"g__Paratractidigestivibacter"	"ff62895741c7c26b307ae59b7a6fbae5"
"f__Acutalibacteraceae_subtree_246"	5	10	999	0.722434434434434	0.747747747747748	0.997997997997998	0.306183183183183	0.618618618618619	0.61961961961962	NA	10	10	5	3	3	1	2	2	1	0	0	2	1	0	1	0	1	1	1	1	1	10	"g__CAG-488"	"b7741dbb910ec69d1d88f26e25232ecc"
"f__UBA660_subtree_28"	5	8	999	0.334359359359359	1	1	0.313566566566567	1	1	NA	8	8	5	1	3	0	1	0	1	0	1	0	1	0	4	0	1	1	1	1	1	7	"g__CAG-877"	"2b605f53f974568e853e3b3825b18bfc"
"f__Lachnospiraceae_subtree_328"	4	8	999	0.672664664664665	1	1	0.313916916916917	0.874874874874875	1	NA	8	8	4	2	2	0	1	0	0	1	0	0	1	2	3	0	1	1	1	1	1	8	"g__Agathobacter"	"bd407edefc5593f59ea9e0620427d6e0"
"f__UBA1067_subtree_24"	4	6	999	0.33418018018018	1	1	0.319471471471471	1	1	NA	6	6	4	1	2	0	0	0	1	0	1	3	1	0	0	0	1	1	1	1	1	6	"g__UBA1067"	"5613b73d4303f055bc3d09f99ea69617"
"f__CAG-826_subtree_63"	5	11	999	0.652221221221221	0.885885885885886	1	0.326329329329329	0.815815815815816	0.998998998998999	NA	11	11	5	5	3	0	2	0	2	0	0	2	0	2	3	0	1	1	1	1	1	11	"g__Onthovivens"	"bdcd7021098fb7e06e604973fc9ab55e"
"f__CAG-826_subtree_64"	4	6	999	0.333737737737738	1	1	0.333642642642643	1	1	NA	6	6	4	1	3	0	0	0	1	0	0	1	0	1	3	0	1	1	1	1	1	6	"g__Onthovivens"	"0f72cd8877cf5e948573caf7ea1f9788"
"f__CAG-826_subtree_61"	6	16	999	0.724718718718719	0.912912912912913	0.998998998998999	0.336083083083083	0.805805805805806	0.883883883883884	NA	16	16	6	5	3	0	3	0	2	0	0	3	1	3	4	0	1	1	1	1	1	16	"g__Onthovivens"	"d814184e4f9add45904a3fdea125d347"
"f__Sphaerochaetaceae_subtree_4"	6	11	999	0.629053053053053	0.865865865865866	0.998998998998999	0.340704704704705	0.865865865865866	0.885885885885886	NA	11	11	6	5	3	0	2	0	2	1	0	2	2	1	1	0	1	1	1	1	1	11	"g__UBA9732"	"78046f763d3d476a42834ddd534bebca"
"f__Oscillospiraceae_subtree_111"	6	29	999	1	1	1	0.35644044044044	0.964964964964965	1	NA	29	29	6	4	3	0	5	0	1	1	0	2	2	1	17	0	1	1	1	1	1	27	"g__CAG-83"	"f0b6a483c8cdc0f07f06fcf6d9266587"
"f__Acutalibacteraceae_subtree_252"	4	7	999	0.678511511511512	1	1	0.358550550550551	0.516516516516517	0.587587587587588	NA	7	7	4	2	2	1	2	1	0	0	0	1	1	0	1	0	1	1	1	1	1	7	"g__CAG-488"	"3e5429f41d54c171e0299d296a9c3215"
"f__W3P20-009_subtree_6"	5	5	999	1	1	1	0.367299299299299	1	1	NA	5	5	5	NA	2	0	1	0	1	0	1	1	0	1	0	0	1	1	1	1	1	4	"g__W3P20-009"	"78fd2244fcecb5d8d1c935071a03b807"
"f__CAG-74_subtree_20"	4	4	999	1	1	1	0.374913913913914	1	1	NA	4	4	4	NA	2	0	1	0	1	0	1	1	0	0	0	0	1	1	1	1	1	3	"g__UBA11524"	"779054e3acd1dd2f157c2c5488209371"
"f__Acidaminococcaceae_subtree_20"	4	4	999	1	1	1	0.375476476476476	1	1	NA	4	4	4	NA	2	0	1	0	0	0	1	1	1	0	0	0	1	1	1	1	1	4	"g__Phascolarctobacterium_A"	"ebb51a9390797d78fca06dac09e868e9"
"f__Anaerovoracaceae_subtree_42"	4	7	999	0.765622622622623	1	1	0.377873873873874	0.997997997997998	1	NA	7	7	4	2	2	1	2	0	0	0	0	3	1	0	0	0	1	1	1	1	1	6	"g__CAG-238"	"b0e5865492ce98d77d829a4e7ea48133"
"f__Bacteroidaceae_subtree_359"	5	12	999	1	1	1	0.378538538538539	1	1	NA	12	12	5	2	2	0	2	2	0	0	0	1	1	1	5	0	1	1	1	1	1	12	"g__Alloprevotella"	"5fab4adad9f723a24d463a5b37d16234"
"f__Acutalibacteraceae_subtree_226"	4	5	999	1	1	1	0.393375375375375	1	1	NA	5	5	4	1	2	0	1	0	0	0	0	2	1	0	1	0	1	1	1	1	1	3	"g__Fimenecus"	"c44d9febe1cac37ba7bd4e7b9566fb7d"
"f__UBA660_subtree_32"	4	4	999	1	1	1	0.416525525525526	1	1	NA	4	4	4	NA	3	0	0	0	1	0	1	0	1	0	1	0	1	1	1	1	1	4	"g__CAG-877"	"0048d127146228bc99acdac05a7cadff"
"f__Bacteroidaceae_subtree_136"	4	6	999	1	1	1	0.416991991991992	1	1	NA	6	6	4	1	2	0	1	0	0	1	0	1	0	1	2	0	1	1	1	1	1	5	"g__Prevotella"	"a10c319d4795c22d5a53bd38080a9e57"
"f__Paludibacteraceae_subtree_36"	4	5	999	1	1	1	0.41783983983984	1	1	NA	5	5	4	1	2	0	1	1	0	1	0	1	0	1	0	0	1	1	1	1	1	5	"g__RF16"	"8e4dd6e9f96b079b481f5412f071a8b1"
"f__Lachnospiraceae_subtree_58"	4	4	999	1	1	1	0.457757757757758	1	1	NA	4	4	4	NA	2	0	1	0	0	0	0	1	1	0	1	0	1	1	1	1	1	4	"g__Enterocloster"	"31bf03d3719950b5e592f3035297fe16"
"f__Treponemataceae_subtree_3"	4	4	999	1	1	1	0.458607607607608	1	1	NA	4	4	4	NA	3	0	0	0	1	0	1	1	0	0	1	0	1	1	1	1	1	4	"g__Treponema_D"	"59d254d6305cca18592414006dfcf766"
"f__Ruminococcaceae_subtree_86"	4	28	999	0.981894894894895	1	1	0.460922922922923	0.998998998998999	1	NA	28	28	4	2	2	2	1	0	0	0	0	1	4	0	18	2	1	1	1	1	1	26	"g__Faecalibacterium"	"bbd59a2fb733b6c0a2d951a0a7d05f7a"
"f__Nanosyncoccaceae_subtree_2"	5	5	999	1	1	1	0.516728728728729	1	1	NA	5	5	5	NA	2	0	1	0	1	0	0	1	1	1	0	0	1	1	1	1	1	5	"g__Nanosyncoccus"	"5e6b6c079ec52974e556752a1c57d45e"
"f__Bifidobacteriaceae_subtree_29"	5	6	999	1	1	1	0.533482482482483	1	1	NA	6	6	5	1	2	0	1	0	0	0	1	1	1	2	0	0	1	1	1	1	1	5	"g__Bifidobacterium"	"ec8cef82e40946d32a9b48026c6d8777"
"f__Acidaminococcaceae_subtree_18"	6	17	999	1	1	1	0.536146146146146	1	1	NA	17	17	6	1	3	1	1	4	0	3	1	1	1	1	3	1	1	1	1	1	1	16	"g__Phascolarctobacterium_A"	"e19d3b8e068b2fb4f42e2d1f9da35940"
"f__Nanosyncoccaceae_subtree_7"	4	4	999	1	1	1	0.541169169169169	1	1	NA	4	4	4	NA	2	0	0	0	1	0	0	1	1	1	0	0	1	1	1	1	1	4	"g__Nanosyncoccus"	"1eda499351ff0bde07ec51f43e5aaa29"
"f__Lachnospiraceae_subtree_85"	4	4	999	0.333492492492493	1	1	0.541998998998999	1	1	NA	4	4	4	NA	2	0	1	0	0	0	0	1	1	0	1	0	1	1	1	1	1	4	"g__Ventrimonas"	"6f016242bf9e32c7b396ab64d2f86e2d"
"f__Eggerthellaceae_subtree_106"	4	4	999	1	1	1	0.54232032032032	1	1	NA	4	4	4	NA	3	0	1	0	0	0	1	0	1	0	1	0	1	1	1	1	1	4	"g__Phoenicibacter"	"dc74763134c5e30c448acb9076b1be52"
"f__Lachnospiraceae_subtree_243"	4	5	999	0.333964964964965	1	1	0.543512512512513	1	1	NA	5	5	4	1	2	0	1	0	0	0	0	1	1	0	2	0	1	1	1	1	1	5	"g__Merdisoma"	"3d247b48d6346718305450241ac23c6f"
"f__UBA932_subtree_23"	4	6	999	0.507636636636637	1	1	0.554169169169169	0.775775775775776	1	NA	6	6	4	2	2	0	2	1	0	0	0	1	0	2	0	0	1	1	1	1	1	6	"g__Cryptobacteroides"	"7c209a89bb7e39740b160c85d9535731"
"f__UBA932_subtree_90"	6	11	999	0.546251251251251	1	1	0.563770770770771	1	1	NA	11	11	6	3	3	1	2	0	3	1	1	1	1	0	1	0	1	1	1	1	1	11	"g__Cryptobacteroides"	"d8b91c09ee2437768444b58e63835402"
"f__Borkfalkiaceae_subtree_3"	4	13	999	0.808302302302302	1	1	0.59180980980981	1	1	NA	13	13	4	1	2	0	0	0	0	1	0	1	1	1	9	0	1	1	1	1	1	13	"g__UBA10281"	"4993380a213599158a9e07220f6ba203"
"f__Atopobiaceae_subtree_3"	4	4	999	1	1	1	0.624971971971972	1	1	NA	4	4	4	NA	3	0	1	0	1	1	1	0	0	0	0	0	1	1	1	1	1	3	"g__Paratractidigestivibacter"	"338bafa4db222e0713a4b37df60bbfc2"
"f__Burkholderiaceae_subtree_55"	5	5	999	1	1	1	0.62574974974975	1	1	NA	5	5	5	NA	2	0	1	0	1	0	0	1	1	1	0	0	1	1	1	1	1	5	"g__Duodenibacillus"	"024834bb9f41a3fc15b811f9474c189a"
"f__Burkholderiaceae_subtree_56"	4	4	999	1	1	1	0.625886886886887	1	1	NA	4	4	4	NA	2	0	1	0	1	0	0	1	0	1	0	0	1	1	1	1	1	4	"g__Duodenibacillus"	"cda767320084a944e1861e4784855f0c"
"f__Bifidobacteriaceae_subtree_31"	4	4	999	1	1	1	0.62598998998999	1	1	NA	4	4	4	NA	2	0	0	0	0	0	1	1	1	1	0	0	1	1	1	1	1	3	"g__Bifidobacterium"	"c0030e3497bf424f04c70bf1a2c86032"
"f__Lachnospiraceae_subtree_123"	6	6	999	1	1	1	0.639512512512513	1	1	NA	6	6	6	NA	2	0	1	0	1	0	1	1	1	1	0	0	1	1	1	1	1	2	"g__KLE1615"	"099f7394b79e0ea6f2a1b5775fab6ac9"
"f__UBA660_subtree_108"	4	5	999	1	1	1	0.65991991991992	1	1	NA	5	5	4	1	3	0	1	0	1	0	1	0	0	0	2	0	1	1	1	1	1	5	"g__CAG-1000"	"cd4bb508e15649bbbbc6bfe5ab70732b"
"f__Bacteroidaceae_subtree_120"	4	17	999	0.832776776776777	1	1	0.662590590590591	1	1	NA	17	17	4	3	2	2	2	1	0	2	0	1	0	2	6	1	1	1	1	1	1	15	"g__Prevotella"	"6a8eada7459bd5cc40b88f431e9bccee"
"f__W3P20-009_subtree_7"	4	4	999	1	1	1	0.667740740740741	1	1	NA	4	4	4	NA	2	0	1	0	0	0	1	1	0	1	0	0	1	1	1	1	1	3	"g__W3P20-009"	"19d3b5c5beb9dff52e48cb3848e1dde6"
"f__CAG-272_subtree_63"	4	5	999	1	1	1	0.668143143143143	1	1	NA	5	5	4	1	3	0	0	1	1	1	1	1	0	0	0	0	1	1	1	1	1	3	"g__CAG-448"	"09b4d8bd02bcbfc635a6f0112cf12b23"
"f__Staphylococcaceae_subtree_5"	4	14	999	0.938416416416416	1	1	0.669536536536537	1	1	NA	14	14	4	1	3	0	0	0	1	0	1	0	1	0	11	0	1	1	1	1	1	14	"g__Staphylococcus"	"c7cbc3551196c7c01e3d232a7e61c7e1"
"f__CAG-977_subtree_8"	4	7	999	1	1	1	0.688960960960961	1	1	NA	7	7	4	1	3	0	1	0	1	0	0	1	0	0	4	0	1	1	1	1	1	5	"g__UBA11549"	"8588531fa95a2e69be9a920ea3037300"
"f__Lachnospiraceae_subtree_327"	6	12	999	0.934700700700701	1	1	0.702788788788789	1	1	NA	12	12	6	3	3	0	2	1	0	1	1	1	1	2	3	0	1	1	1	1	1	10	"g__Agathobacter"	"993665e619e492c176f2c756315c1688"
"f__Ruminococcaceae_subtree_62"	5	23	999	1	1	1	0.731602602602603	1	1	NA	23	23	5	2	3	1	3	0	1	0	1	0	1	0	15	1	1	1	1	1	1	21	"g__Gemmiger"	"c8bb1184e238254249330c183c77814b"
"f__CAG-826_subtree_46"	4	4	999	1	1	1	0.791487487487488	1	1	NA	4	4	4	NA	2	0	1	0	1	0	0	1	0	1	0	0	1	1	1	1	1	4	"g__Enteromonas"	"dc8212b6bd66a1c75d8a34a92f8b3623"
"f__Lachnospiraceae_subtree_335"	4	4	999	1	1	1	0.833396396396396	1	1	NA	4	4	4	NA	3	0	1	1	0	0	1	1	0	0	0	0	1	1	1	1	1	2	"g__Agathobacter"	"34146f55bdeb4fb3b5e1818652954494"
"f__Treponemataceae_subtree_4"	5	5	999	1	1	1	0.84126026026026	1	1	NA	5	5	5	NA	3	0	1	0	1	0	1	1	0	0	1	0	1	1	1	1	1	5	"g__Treponema_D"	"6be376dd75b94b0c702b09fd131393b2"
"f__Lachnospiraceae_subtree_473"	4	4	999	0.334449449449449	1	1	0.874648648648649	1	1	NA	4	4	4	NA	3	0	1	0	0	0	1	1	0	0	1	0	1	1	1	1	1	4	"g__CAG-95"	"a56d0f41eba1d5056d9e731d41ac9c4f"
"f__Oscillospiraceae_subtree_279"	4	4	999	1	1	1	0.874962962962963	1	1	NA	4	4	4	NA	2	0	1	0	0	0	0	1	1	0	1	0	1	1	1	1	1	3	"g__Limivicinus"	"09e82106f6bf0ed3ffff5d516eaff796"
"f__Lachnospiraceae_subtree_576"	5	5	999	1	1	1	1	1	1	NA	5	5	5	NA	3	0	1	0	0	0	1	1	1	0	1	0	1	1	1	1	1	4	"g__CAG-127"	"1fa623c78524634549d72ac5ca768a25"
"f__Lachnospiraceae_subtree_577"	4	4	999	1	1	1	1	1	1	NA	4	4	4	NA	2	0	1	0	0	0	1	1	1	0	0	0	1	1	1	1	1	3	"g__CAG-127"	"f06818d1ac4b9563184e62c136af8277"
