"clade"	"n_host"	"n_genomes.x"	"tree_permut"	"rf_p_mean"	"rf_p_b01"	"rf_p_b005"	"hommola_p_mean"	"hommola_p_b01"	"hommola_p_b005"	"hommola_p_alltip"	"n_genomes.y"	"n_clusters"	"tot_host"	"tot_hostn2"	"tot_hostgroups"	"Gberingei"	"Ggorilla"	"Ppan"	"Ptver"	"Ptschw"	"Pttrog"	"HsG"	"HsA1"	"HsA2"	"HsUHGG"	"n_phy"	"n_cla"	"n_ord"	"n_fam"	"n_gen"	"n_spe"	"tax_cons"	"hash"
"f__Paludibacteraceae_subtree_35"	7	7	999	0.0026006006006006	0	0	0.0014044044044044	0	0	NA	7	7	7	NA	3	1	1	1	1	1	1	0	0	0	1	1	1	1	1	1	7	"g__W0P28-013"	"a89506aeac9c44956070d6bed62e8567"
"f__UBA932_subtree_69"	6	6	999	0.011980980980981	0	0	0.00376376376376376	0	0	NA	6	6	6	NA	3	1	1	0	1	1	1	0	0	0	1	1	1	1	1	1	6	"g__Cryptobacteroides"	"e495bd2cffc2d097d4e3e6a950ddb538"
"f__Paludibacteraceae_subtree_36"	6	6	999	0.012026026026026	0	0	0.0037997997997998	0	0	NA	6	6	6	NA	2	1	1	1	1	1	1	0	0	0	0	1	1	1	1	1	6	"g__W0P28-013"	"c9fadfffb24ec0f1ca9c53ae95a8fd42"
"f__Bacteroidaceae_subtree_77"	6	7	999	0.0122222222222222	0	0	0.00448948948948949	0	0	NA	7	7	6	1	3	1	0	1	1	1	2	0	0	0	1	1	1	1	1	1	7	"g__Prevotella"	"9373b0293f1a4bd0887e8222ee4f3768"
"f__Eggerthellaceae_subtree_80"	7	14	999	0.119995995995996	0.497497497497497	0.497497497497497	0.00487887887887888	0	0	NA	14	14	7	3	3	1	1	2	1	2	1	0	0	0	6	1	1	1	1	1	14	"g__Senegalimassilia"	"4d7b5b387043add023936258b6f7c6cc"
"f__CAG-826_subtree_31"	6	6	999	0.0121201201201201	0	0	0.00643943943943944	0	0	NA	6	6	6	NA	2	1	1	1	1	1	1	0	0	0	0	1	1	1	1	1	6	"g__UBA4951"	"e3b029b803766be2a692c952d13818d2"
"f__Eggerthellaceae_subtree_20"	7	16	999	0.0294224224224224	0	0.393393393393393	0.00689389389389389	0	0	NA	16	16	7	5	3	1	1	2	2	2	2	0	0	0	6	1	1	1	1	1	16	"g__CAG-1427"	"7eaf4d53a4cca84f36e758abfce53d41"
"f__Acutalibacteraceae_subtree_260"	7	11	999	0.0997547547547548	0.198198198198198	0.816816816816817	0.00863663663663664	0	0	NA	11	11	7	1	3	1	1	1	1	1	1	2	1	0	2	1	1	1	1	1	10	"g__CAG-177"	"8104dd359d6e3f1a14f88e9920863025"
"f__UBA932_subtree_23"	5	5	999	0.334217217217217	1	1	0.00923723723723724	0	0	NA	5	5	5	NA	2	0	0	1	1	1	1	0	0	0	1	1	1	1	1	1	5	"g__Cryptobacteroides"	"ee4b6aeefbf10003e50414be9048873a"
"f__Muribaculaceae_subtree_16"	5	5	999	0.0676766766766767	0	0.98998998998999	0.00928128128128128	0	0	NA	5	5	5	NA	2	0	0	1	1	1	1	0	1	0	0	1	1	1	1	1	5	"g__Limisoma"	"433715c68809dffa55bc838b2d3ff2ad"
"f__UBA953_subtree_4"	5	5	999	0.0676616616616617	0	0.994994994994995	0.00929029029029029	0	0	NA	5	5	5	NA	2	0	0	1	1	1	1	0	0	0	1	1	1	1	1	1	4	"g__Spyradosoma"	"1977b1507504e405c8c96c8be2e3e131"
"f__UBA932_subtree_70"	5	5	999	0.0673253253253253	0	0.988988988988989	0.00935135135135135	0	0	NA	5	5	5	NA	2	1	1	0	1	1	1	0	0	0	0	1	1	1	1	1	5	"g__Cryptobacteroides"	"95b7603fbfc50063211f5601596c0d38"
"f__Bacteroidaceae_subtree_38"	5	6	999	0.0676776776776777	0	0.987987987987988	0.00939439439439439	0	0	NA	6	6	5	1	3	1	1	0	1	1	0	0	0	0	2	1	1	1	1	1	6	"g__Phocaeicola_A"	"6680c7ea775bc9c88453d223896af9f4"
"f__Bacteroidaceae_subtree_334"	5	5	999	0.333887887887888	1	1	0.00948048048048048	0	0	NA	5	5	5	NA	2	1	1	1	1	1	0	0	0	0	0	1	1	1	1	1	5	"g__UBA2918"	"542d4b32211eabdf9c70a6b75c4270f5"
"f__UBA932_subtree_75"	7	9	999	0.0280790790790791	0	0.384384384384384	0.0106196196196196	0	0	NA	9	9	7	2	3	2	1	1	1	2	1	0	1	0	0	1	1	1	1	1	9	"g__Cryptobacteroides"	"710a701f5873bf036aac4c06439e4cd7"
"f__Anaerovoracaceae_subtree_37"	6	14	999	0.111948948948949	0.184184184184184	0.917917917917918	0.0122762762762763	0	0.00400400400400402	NA	14	14	6	3	3	1	1	1	2	6	0	1	0	0	2	1	1	1	1	1	13	"g__CAG-238"	"b78eed34581e849811bbef231e311dcf"
"f__Dialisteraceae_subtree_24"	5	16	999	0.0678728728728729	0	0.991991991991992	0.0124294294294294	0	0	NA	16	16	5	5	2	0	0	5	2	2	2	0	2	1	2	1	1	1	1	1	15	"g__Dialister"	"220db55554c88b027a8d93ed279db772"
"f__Bacteroidaceae_subtree_300"	5	5	999	0.0675305305305305	0	0.990990990990991	0.0178058058058058	0	0	NA	5	5	5	NA	2	0	0	1	1	1	1	0	0	1	0	1	1	1	1	1	5	"g__Alloprevotella"	"f80c4355776d3c5c5b3cd12f0b327fbd"
"f__Acutalibacteraceae_subtree_33"	5	6	999	0.0674244244244244	0	0.98998998998999	0.0179029029029029	0	0	NA	6	6	5	1	2	1	0	1	1	1	2	0	0	0	0	1	1	1	1	1	6	"g__SIG603"	"56d7a85e92a1d2884a81d754d65421ab"
"f__Oscillospiraceae_subtree_6"	7	14	999	0.152970970970971	0.514514514514514	0.810810810810811	0.0187547547547548	0	0	NA	14	14	7	4	3	1	1	2	3	2	1	0	0	0	4	1	1	1	1	1	12	"g__F23-B02"	"ebd9e0b9880904a9c1d4fde54ff9bb5b"
"f__Lachnospiraceae_subtree_366"	5	7	999	0.153272272272272	0.321321321321321	0.992992992992993	0.0203793793793794	0	0.051051051051051	NA	7	7	5	1	2	0	1	1	1	1	3	0	0	0	0	1	1	1	1	1	7	"g__CAG-791"	"764821cdac995f2e1f64cee1499818cd"
"f__Bacteroidaceae_subtree_79"	5	6	999	0.0676836836836837	0	0.993993993993994	0.0218058058058058	0	0.00200200200200196	NA	6	6	5	1	2	1	0	1	1	1	2	0	0	0	0	1	1	1	1	1	6	"g__Prevotella"	"d75616892da82e6afd7733a6e5ab2629"
"f__Bacteroidaceae_subtree_127"	5	6	999	0.0678628628628629	0	0.990990990990991	0.0218838838838839	0	0	NA	6	6	5	1	2	0	0	1	1	1	1	0	0	0	2	1	1	1	1	1	6	"g__Prevotella"	"58fe99ecfddaa03e97ea62728dee3f3a"
"f__Erysipelotrichaceae_subtree_62"	5	6	999	0.334294294294294	1	1	0.0221941941941942	0	0.00100100100100098	NA	6	6	5	1	2	1	0	1	1	1	2	0	0	0	0	1	1	1	1	1	6	"g__Bulleidia"	"0946d8d9e0a28bdd065371b4da96d20b"
"f__Methanomethylophilaceae_subtree_24"	5	6	999	0.0677947947947948	0	0.990990990990991	0.0260570570570571	0	0	NA	6	6	5	1	3	2	1	0	1	1	0	1	0	0	0	1	1	1	1	1	6	"g__MX-02"	"f15e33f74928a0bb31fb98cdb37bbf11"
"f__Sphaerochaetaceae_subtree_6"	5	5	999	0.33415015015015	1	1	0.0260620620620621	0	0	NA	5	5	5	NA	2	1	0	1	1	1	1	0	0	0	0	1	1	1	1	1	5	"g__UBA9732"	"9b69c70c645bc4276cecec49458462e6"
"f__Methanomethylophilaceae_subtree_8"	5	6	999	0.0672992992992993	0	0.993993993993994	0.0263143143143143	0	0	NA	6	6	5	1	2	0	0	2	1	1	1	0	0	0	1	1	1	1	1	1	6	"g__UBA71"	"ac8c56176eddc044af422d2c9aa6aaeb"
"f__Eggerthellaceae_subtree_88"	6	8	999	0.149575575575576	0.493493493493493	0.493493493493493	0.027980980980981	0	0.106106106106106	NA	8	8	6	2	2	1	1	2	1	2	1	0	0	0	0	1	1	1	1	1	8	"g__Senegalimassilia"	"6408c7e517cf40657440e1bedcf32ba3"
"f__Acutalibacteraceae_subtree_4"	6	6	999	0.0121301301301301	0	0	0.0316146146146146	0	0.00100100100100098	NA	6	6	6	NA	3	1	1	0	1	1	1	0	0	0	1	1	1	1	1	1	5	"g__RUG806"	"18e959eebe48f23924c1ac9c6ad7686b"
"f__Sphaerochaetaceae_subtree_18"	5	7	999	0.0676906906906907	0	0.996996996996997	0.0337947947947948	0.00100100100100098	0.316316316316316	NA	7	7	5	1	2	3	1	0	1	1	1	0	0	0	0	1	1	1	1	1	7	"g__Ornithospirochaeta"	"8bb53e9900b82418aa0f7c43d74002e2"
"f__Lachnospiraceae_subtree_553"	5	5	999	0.0676186186186186	0	0.991991991991992	0.0341861861861862	0	0.00700700700700696	NA	5	5	5	NA	3	0	1	1	1	0	1	0	0	0	1	1	1	1	1	1	5	"g__Alectryocaccobium"	"70c8659f70461089c8bbd069143c5f23"
"f__Burkholderiaceae_subtree_20"	5	9	999	0.0675195195195195	0	0.991991991991992	0.0343493493493493	0	0.00300300300300305	NA	9	9	5	1	3	1	1	0	1	1	0	0	0	0	5	1	1	1	1	1	8	"g__Oxalobacter"	"5efa1aff26f826cd31109c2fde79db46"
"f__Acutalibacteraceae_subtree_192"	5	7	999	0.0673963963963964	0	0.987987987987988	0.0343773773773774	0	0.005005005005005	NA	7	7	5	1	2	0	0	1	1	1	1	0	0	0	3	1	1	1	1	1	6	"g__Eubacterium_R"	"9bbd0ea7f63459cf7b8d12da9be4868c"
"f__CAG-917_subtree_26"	5	5	999	0.334291291291291	1	1	0.0344484484484485	0	0.01001001001001	NA	5	5	5	NA	3	1	0	1	0	1	1	0	0	0	1	1	1	1	1	1	5	"g__CAG-475"	"e55070cd1914d2c80f807902f1a9429a"
"f__Lachnospiraceae_subtree_329"	5	5	999	0.0677857857857858	0	0.992992992992993	0.0344704704704705	0	0.00400400400400402	NA	5	5	5	NA	2	1	0	1	1	1	1	0	0	0	0	1	1	1	1	1	5	"g__RUG14243"	"00bfd7abea2c61db6a8c6e1e8dbe5e69"
"f__Erysipelotrichaceae_subtree_59"	6	7	999	0.0679349349349349	0	0.987987987987988	0.0378368368368368	0	0.024024024024024	NA	7	7	6	1	3	1	0	1	1	1	2	0	0	0	1	1	1	1	1	1	7	"g__Bulleidia"	"3d1e7cdd2e3be9b7ef3ad415091ebd54"
"f__Bacteroidaceae_subtree_39"	4	4	999	0.334637637637638	1	1	0.0424054054054054	0	0.129129129129129	NA	4	4	4	NA	2	1	1	0	1	1	0	0	0	0	0	1	1	1	1	1	4	"g__Phocaeicola_A"	"c3d9d33cf60420ac7638319f5db2c984"
"f__UBA660_subtree_34"	4	5	999	0.676115115115115	1	1	0.0424714714714715	0	0.138138138138138	NA	5	5	4	1	2	0	0	2	1	0	1	0	0	0	1	1	1	1	1	1	3	"g__UBA3789"	"3c06c0e57968f29f44c666545757f0dd"
"f__Erysipelotrichaceae_subtree_4"	4	4	999	0.334157157157157	1	1	0.0424824824824825	0	0.156156156156156	NA	4	4	4	NA	2	0	0	1	1	0	1	0	0	0	1	1	1	1	1	1	4	"g__Bulleidia"	"5d38c15c8d57cf11959d1ab1ed0e8229"
"f__Coriobacteriaceae_subtree_430"	4	4	999	0.333566566566567	1	1	0.0425005005005005	0	0.14014014014014	NA	4	4	4	NA	2	0	0	1	1	1	0	0	0	0	1	1	1	1	1	1	4	"g__Collinsella"	"67d4541d46581f30066a1e807e9fad99"
"f__UBA1407_subtree_5"	4	4	999	0.333243243243243	1	1	0.0425515515515516	0	0.128128128128128	NA	4	4	4	NA	3	1	1	0	0	1	0	0	0	0	1	1	1	1	1	1	4	"g__UBA1724"	"59d0d1f50b614314ca32f75a2d3a1a39"
"f__Bacteroidaceae_subtree_270"	4	4	999	0.333687687687688	1	1	0.0426106106106106	0	0.14014014014014	NA	4	4	4	NA	2	1	1	1	0	1	0	0	0	0	0	1	1	1	1	1	4	"g__UBA6382"	"d9a2f3fde97d312b5e1d310f18651950"
"f__Paludibacteraceae_subtree_2"	4	4	999	1	1	1	0.0426566566566567	0	0.146146146146146	NA	4	4	4	NA	2	0	1	0	1	1	1	0	0	0	0	1	1	1	1	1	4	"g__UBA1181"	"10d815c980b697b00be00e707d7fb26b"
"f__Paludibacteraceae_subtree_28"	4	4	999	0.334916916916917	1	1	0.0426586586586587	0	0.148148148148148	NA	4	4	4	NA	2	0	1	1	1	1	0	0	0	0	0	1	1	1	1	1	4	"g__RF16"	"28612c62ef71c60e898f612d02f04027"
"f__Lachnospiraceae_subtree_324"	4	5	999	0.33484984984985	1	1	0.0426656656656657	0	0.141141141141141	NA	5	5	4	1	3	1	0	0	1	0	1	0	0	0	2	1	1	1	1	1	5	"g__AM51-8"	"494bd7509ad8858c2673c3cd5781c561"
"f__Burkholderiaceae_subtree_75"	5	5	999	0.333335335335335	1	1	0.0426716716716717	0	0.125125125125125	NA	5	5	5	NA	2	0	0	1	1	1	1	0	1	0	0	1	1	1	1	1	5	"g__Duodenibacillus"	"85b4f77c844267dedbec480ff58ff5c9"
"f__Sphaerochaetaceae_subtree_19"	4	4	999	0.335199199199199	1	1	0.0426976976976977	0	0.14014014014014	NA	4	4	4	NA	2	1	0	0	1	1	1	0	0	0	0	1	1	1	1	1	4	"g__Ornithospirochaeta"	"4e06afad26e46e618e73b6712813d55d"
"f__Bacteroidaceae_subtree_180"	5	5	999	0.333568568568569	1	1	0.0427217217217217	0	0.127127127127127	NA	5	5	5	NA	2	0	0	1	1	1	1	0	0	0	1	1	1	1	1	1	5	"g__Prevotella"	"9bbe80d772700c29d40ec55810579eb4"
"f__Bacteroidaceae_subtree_269"	5	5	999	0.0678908908908909	0	0.993993993993994	0.043	0	0.149149149149149	NA	5	5	5	NA	3	1	1	1	0	1	0	0	0	0	1	1	1	1	1	1	5	"g__UBA6382"	"04c882b9ab7efe70c4831d33dcc3e7e0"
"f__Eggerthellaceae_subtree_21"	6	10	999	0.178471471471471	0.516516516516517	0.516516516516517	0.0431311311311311	0	0.45045045045045	NA	10	10	6	4	2	1	1	2	2	2	2	0	0	0	0	1	1	1	1	1	10	"g__CAG-1427"	"e81aca9a091b3760f46b242e17c592f5"
"f__Oscillospiraceae_subtree_4"	6	11	999	0.186243243243243	0.517517517517518	0.917917917917918	0.0451711711711712	0.019019019019019	0.33033033033033	NA	11	11	6	4	3	1	0	2	3	2	1	0	0	0	2	1	1	1	1	1	9	"g__F23-B02"	"5cbf299fd4a755092a788b5b46b9b640"
"f__Fibrobacteraceae_subtree_1"	6	7	999	0.171812812812813	0.496496496496497	0.496496496496497	0.0457487487487487	0	0.408408408408408	NA	7	7	6	1	3	0	1	1	1	1	2	0	0	0	1	1	1	1	1	1	7	"g__Hallerella"	"01c3164bd9e0f2f314e94e032f252ffa"
"f__Erysipelotrichaceae_subtree_44"	6	12	999	0.135208208208208	0.426426426426426	0.508508508508508	0.0473043043043043	0.215215215215215	0.25025025025025	NA	12	12	6	3	3	1	2	1	3	0	4	0	0	0	1	1	1	1	1	1	12	"g__UBA636"	"ad662126142ee685a705f94ae02f3d98"
"f__W3P20-009_subtree_4"	5	5	999	0.334940940940941	1	1	0.0508578578578579	0	0.556556556556557	NA	5	5	5	NA	2	1	1	0	1	1	1	0	0	0	0	1	1	1	1	1	5	"g__W3P20-009"	"14e85e311e22ab47bdc4f64d32de6d2b"
"f__Bacteroidaceae_subtree_249"	5	5	999	0.0673143143143143	0	0.98998998998999	0.0590730730730731	0	0.905905905905906	NA	5	5	5	NA	3	1	1	0	1	1	0	0	0	0	1	1	1	1	1	1	5	"g__UBA1786"	"15c92f2cfbb85863085ef7d3cbacc9a7"
"f__Paludibacteraceae_subtree_5"	5	5	999	0.333681681681682	1	1	0.0594044044044044	0	0.920920920920921	NA	5	5	5	NA	2	1	1	0	1	1	1	0	0	0	0	1	1	1	1	1	5	"g__UBA1181"	"c5c3547a58a1946caaea0d7ce25b3f2d"
"f__Oscillospiraceae_subtree_239"	4	9	999	0.657003003003003	1	1	0.0616006006006006	0.147147147147147	0.265265265265265	NA	9	9	4	2	3	1	0	1	3	0	0	1	0	1	2	1	1	1	1	1	9	"g__UBA738"	"8c45d02f874b8b98d22a259131a39502"
"f__UBA932_subtree_96"	5	6	999	0.334301301301301	1	1	0.062978978978979	0.00200200200200196	0.763763763763764	NA	6	6	5	1	2	2	1	0	1	1	1	0	0	0	0	1	1	1	1	1	6	"g__Cryptobacteroides"	"273696de431c836cacbd022de00b51e0"
"f__Treponemataceae_subtree_22"	4	7	999	0.334278278278278	1	1	0.0632742742742743	0.246246246246246	0.35035035035035	NA	7	7	4	1	3	0	1	0	1	1	0	0	2	0	2	1	1	1	1	1	7	"g__Treponema_D"	"7c90418f05296bbda145dfc2b02db611"
"f__UBA932_subtree_10"	6	17	999	0.194674674674675	0.548548548548549	0.901901901901902	0.0636896896896897	0.215215215215215	0.494494494494494	NA	17	17	6	5	3	1	2	0	5	2	2	1	2	0	2	1	1	1	1	1	16	"g__Cryptobacteroides"	"f4c165c8d37649d08c83edd6d54c90a9"
"f__Bacteroidaceae_subtree_262"	4	5	999	0.33426026026026	1	1	0.064004004004004	0.022022022022022	0.57957957957958	NA	5	5	4	1	2	0	0	1	1	1	0	0	2	0	0	1	1	1	1	1	5	"g__UBA6398"	"92ec0fd7b5f006a51b8b639b2a86d72c"
"f__Bacteroidaceae_subtree_80"	4	5	999	0.334526526526527	1	1	0.0642072072072072	0.02002002002002	0.578578578578579	NA	5	5	4	1	2	1	0	0	1	1	2	0	0	0	0	1	1	1	1	1	5	"g__Prevotella"	"62452396514d5e54e443f3dced4ce28c"
"f__UBA932_subtree_76"	6	8	999	0.170384384384384	0.492492492492492	0.492492492492492	0.0674584584584585	0.453453453453453	0.492492492492492	NA	8	8	6	2	2	2	1	1	1	2	1	0	0	0	0	1	1	1	1	1	8	"g__Cryptobacteroides"	"6eb90e2a79e205d5ed2988c587e38793"
"f__Lachnospiraceae_subtree_358"	7	13	999	0.155012012012012	0.592592592592593	0.765765765765766	0.067985985985986	0.266266266266266	0.687687687687688	NA	13	13	7	5	3	1	2	2	2	1	3	0	1	0	1	1	1	1	1	1	13	"g__CAG-791"	"cd8806847c30edaf453c7ba50ebcdafe"
"f__Methanomethylophilaceae_subtree_16"	5	6	999	0.334164164164164	1	1	0.0721521521521521	0.293293293293293	0.575575575575576	NA	6	6	5	1	2	0	0	1	1	2	1	0	0	0	1	1	1	1	1	1	6	"g__UBA71"	"f659618ba5ae9b2067b5531dc211d5d0"
"f__Atopobiaceae_subtree_36"	5	7	999	0.0673503503503503	0	0.991991991991992	0.0754204204204204	0.019019019019019	0.996996996996997	NA	7	7	5	2	3	0	1	2	1	1	0	0	0	0	2	1	1	1	1	1	7	"g__Parolsenella"	"27f4bc282871e8c6d8693b21c68e14cd"
"f__CAG-74_subtree_28"	5	5	999	1	1	1	0.0757247247247247	0.00200200200200196	0.998998998998999	NA	5	5	5	NA	3	1	1	0	1	1	0	0	0	0	1	1	1	1	1	1	4	"g__UBA11524"	"1e7eba8990e68e0ccdb2e7bc1f03309a"
"f__Treponemataceae_subtree_16"	5	6	999	0.334257257257257	1	1	0.075982982982983	0.00400400400400402	1	NA	6	6	5	1	3	0	1	1	1	1	0	0	0	0	2	1	1	1	1	1	6	"g__Treponema_D"	"ae0f52621047c4294b1bf8cdd0be8274"
"f__Paludibacteraceae_subtree_12"	5	8	999	1	1	1	0.0767567567567568	0.242242242242242	0.751751751751752	NA	8	8	5	3	2	0	0	2	2	1	1	0	1	0	1	1	1	1	1	1	8	"g__RF16"	"f6f3419e7a0f7880830f378b9de2c26e"
"f__Paludibacteraceae_subtree_6"	6	6	999	0.290527527527528	1	1	0.0773333333333333	0.00900900900900903	1	NA	6	6	6	NA	3	1	1	0	1	1	1	0	0	0	1	1	1	1	1	1	6	"g__UBA1181"	"dd4b3b95d351948fef5beaf5ac539438"
"f__Fibrobacteraceae_subtree_8"	5	6	999	0.557646646646647	0.525525525525526	0.993993993993994	0.0785835835835836	0.525525525525526	0.525525525525526	NA	6	6	5	1	2	0	1	1	1	1	2	0	0	0	0	1	1	1	1	1	6	"g__Hallerella"	"10d9aa50803b9b886b2b9eb5f9798299"
"f__UBA660_subtree_157"	5	8	999	0.333902902902903	1	1	0.0803423423423423	0.434434434434434	0.754754754754755	NA	8	8	5	3	3	0	1	2	2	0	1	0	0	0	2	1	1	1	1	1	8	"g__Coprosoma"	"70b3bed8db0b3491ac7283c641ad5bbd"
"f__Erysipelotrichaceae_subtree_36"	4	4	999	0.333425425425425	1	1	0.0839379379379379	0.0370370370370371	1	NA	4	4	4	NA	2	0	0	1	1	0	1	0	0	0	1	1	1	1	1	1	4	"g__Absicoccus"	"28da8e05f778b2aecd13f4bd55756631"
"f__Bacteroidaceae_subtree_98"	4	4	999	0.333257257257257	1	1	0.084021021021021	0.0380380380380381	1	NA	4	4	4	NA	2	0	0	0	1	1	1	0	0	1	0	1	1	1	1	1	4	"g__Prevotella"	"d2b24355e75c994521d5443e307f97b5"
"f__Lachnospiraceae_subtree_335"	4	4	999	0.334106106106106	1	1	0.084032032032032	0.0470470470470471	1	NA	4	4	4	NA	2	0	0	1	0	1	1	0	0	0	1	1	1	1	1	1	3	"g__Eubacterium_I"	"4438d0f9413195d347f13e04aefe43cd"
"f__Atopobiaceae_subtree_37"	4	5	999	0.333626626626627	1	1	0.0842112112112112	0.0530530530530531	1	NA	5	5	4	1	2	0	1	2	1	1	0	0	0	0	0	1	1	1	1	1	5	"g__Parolsenella"	"f32bf22dc91a1a5a91718c8422c4e94d"
"f__Anaerovoracaceae_subtree_9"	4	4	999	0.333656656656657	1	1	0.0842602602602603	0.046046046046046	1	NA	4	4	4	NA	3	1	0	1	1	0	0	0	0	0	1	1	1	1	1	1	4	"g__UMGS973"	"5b1a6ca332182ef13c6b1333d1c03dc1"
"f__Muribaculaceae_subtree_131"	4	4	999	0.334161161161161	1	1	0.0843353353353353	0.046046046046046	1	NA	4	4	4	NA	2	0	0	1	1	1	0	0	1	0	0	1	1	1	1	1	4	"g__Sodaliphilus"	"dab00f2d0948d1716e59da24f74b7a39"
"f__Bacteroidaceae_subtree_66"	4	4	999	0.333763763763764	1	1	0.0843873873873874	0.0420420420420421	1	NA	4	4	4	NA	3	1	0	0	1	0	1	0	0	0	1	1	1	1	1	1	4	"g__Prevotella"	"f21d5af0fa230c9ca37a7bb214985479"
"f__Sphaerochaetaceae_subtree_10"	4	5	999	0.333718718718719	1	1	0.0846686686686687	0.0490490490490491	1	NA	5	5	4	1	2	0	0	1	1	1	0	0	1	0	1	1	1	1	1	1	5	"g__UBA9732"	"4fbe21dd8b42947a8cad64a3ec952742"
"f__CAG-272_subtree_84"	4	4	999	0.333981981981982	1	1	0.0847017017017017	0.0520520520520521	1	NA	4	4	4	NA	2	0	0	1	0	1	1	1	0	0	0	1	1	1	1	1	3	"g__CAG-841"	"db97cef2e39c79601306bff4ea40428f"
"f__CAG-826_subtree_42"	4	4	999	0.333296296296296	1	1	0.0847797797797798	0.051051051051051	1	NA	4	4	4	NA	2	0	1	1	1	0	1	0	0	0	0	1	1	1	1	1	4	"g__UBA4951"	"6ae207dec932a9bf57096b113e7dc976"
"f__CAG-288_subtree_11"	5	5	999	0.0678488488488489	0	0.993993993993994	0.0847917917917918	0.05005005005005	1	NA	5	5	5	NA	3	1	0	1	0	1	1	0	0	0	1	1	1	1	1	1	5	"g__Enterosoma"	"b2c651d7ea13435d8117b8329e27234f"
"f__Bacteroidaceae_subtree_234"	5	8	999	0.607283283283283	0.747747747747748	0.998998998998999	0.0961911911911912	0.387387387387387	0.616616616616617	NA	8	8	5	3	2	0	1	2	2	2	1	0	0	0	0	1	1	1	1	1	8	"g__Prevotella"	"02e59a4c5c956bd18103acfe40851cc6"
"f__Lachnospiraceae_subtree_361"	6	11	999	0.190980980980981	0.596596596596597	0.82982982982983	0.0968138138138138	0.588588588588589	0.751751751751752	NA	11	11	6	4	2	1	2	2	2	1	3	0	0	0	0	1	1	1	1	1	11	"g__CAG-791"	"d23b9ac049199aed8fc9b1cac41adace"
"f__Oscillospiraceae_subtree_276"	5	6	999	0.660740740740741	1	1	0.0991841841841842	0.490490490490491	0.490490490490491	NA	6	6	5	1	3	0	1	1	1	1	0	0	0	0	2	1	1	1	1	1	5	"g__Limivicinus"	"00c10b4b3235bba8c4e6676749747bd9"
"f__CAG-826_subtree_27"	7	9	999	0.157716716716717	0.507507507507508	0.688688688688689	0.109022022022022	0.74974974974975	0.74974974974975	NA	9	9	7	2	3	1	1	1	1	2	2	0	1	0	0	1	1	1	1	1	9	"g__UBA4951"	"c3351d545bc064b85be00989de1553f4"
"f__Sphaerochaetaceae_subtree_16"	7	15	999	0.416051051051051	0.790790790790791	0.888888888888889	0.110114114114114	0.391391391391391	0.677677677677678	NA	15	15	7	4	3	3	1	3	2	4	1	0	0	0	1	1	1	1	1	1	15	"g__Ornithospirochaeta"	"289e589d2043a96509f8c86331414d73"
"f__Treponemataceae_subtree_8"	4	8	999	0.334325325325325	1	1	0.112012012012012	0.141141141141141	1	NA	8	8	4	2	3	1	1	0	0	0	2	0	0	2	2	1	1	1	1	1	8	"g__Treponema_D"	"94083babd057b95f9578d4f8c8a0a5ca"
"f__Anaeroplasmataceae_subtree_3"	4	8	999	0.655707707707708	1	1	0.118663663663664	0.493493493493493	0.887887887887888	NA	8	8	4	4	2	0	0	2	2	2	0	1	0	0	1	1	1	1	1	1	8	"g__CAG-307"	"c5dba22478716e17995c6c3a720e7094"
"f__Lachnospiraceae_subtree_104"	6	13	999	0.289917917917918	1	1	0.119814814814815	0.502502502502503	0.502502502502503	NA	13	13	6	3	3	1	1	2	2	1	0	0	1	0	5	1	1	1	1	1	12	"g__Oribacterium"	"da16b7cfb9513e075c9935687e60877d"
"f__Bacteroidaceae_subtree_185"	5	8	999	0.766455455455455	0.847847847847848	0.998998998998999	0.122121121121121	0.707707707707708	0.710710710710711	NA	8	8	5	3	2	0	0	1	2	2	2	0	0	0	1	1	1	1	1	1	8	"g__Prevotella"	"ecb692ce9803e02b3f00e8c10f1b4b76"
"f__Bacteroidaceae_subtree_149"	4	15	999	0.33413013013013	1	1	0.1226996996997	0.465465465465465	0.933933933933934	NA	15	15	4	2	2	0	0	0	2	1	1	1	1	2	7	1	1	1	1	1	15	"g__Prevotella"	"e0902c40e3cf41c2d7b37d56f5eb1527"
"f__UBA932_subtree_9"	5	15	999	0.678590590590591	0.886886886886887	0.998998998998999	0.124950950950951	0.550550550550551	0.826826826826827	NA	15	15	5	4	3	0	1	0	5	2	2	1	2	0	2	1	1	1	1	1	14	"g__Cryptobacteroides"	"7838f3a9a7084bbeaf75bd73542e5552"
"f__Lachnospiraceae_subtree_597"	4	4	999	1	1	1	0.125590590590591	0.994994994994995	1	NA	4	4	4	NA	2	0	0	1	1	1	0	0	0	0	1	1	1	1	1	1	3	"g__Blautia_A"	"ea797a637f4473aaba92cb19c0e9d076"
"f__CAG-288_subtree_12"	4	4	999	0.333755755755756	1	1	0.125811811811812	0.993993993993994	1	NA	4	4	4	NA	2	1	0	1	0	1	1	0	0	0	0	1	1	1	1	1	4	"g__Enterosoma"	"ea4d59f7cc3c8c2c387d5a00e68633ac"
"f__CAG-826_subtree_48"	5	5	999	0.0672592592592593	0	0.985985985985986	0.125990990990991	0.994994994994995	1	NA	5	5	5	NA	2	1	1	1	1	1	0	0	0	0	0	1	1	1	1	1	5	"g__UBA4951"	"d06a2459ff5a4ec68c6ff5fee1541cfb"
"f__CAG-449_subtree_6"	4	4	999	1	1	1	0.125991991991992	0.995995995995996	1	NA	4	4	4	NA	2	1	0	1	1	1	0	0	0	0	0	1	1	1	1	1	4	"g__UBA3210"	"8c750bb72002c94ee5ae43fedc365480"
"f__Treponemataceae_subtree_17"	4	4	999	1	1	1	0.126011011011011	0.996996996996997	1	NA	4	4	4	NA	2	0	1	1	1	1	0	0	0	0	0	1	1	1	1	1	4	"g__Treponema_D"	"7d622e4a6ac294543e9b256a4fd34658"
"f__Oscillospiraceae_subtree_140"	4	4	999	1	1	1	0.126224224224224	0.990990990990991	1	NA	4	4	4	NA	2	0	0	1	1	1	0	0	0	0	1	1	1	1	1	1	3	"g__CAG-83"	"9cd86b33801e73e69a490d7cab56cd10"
"f__Erysipelotrichaceae_subtree_48"	4	7	999	0.333803803803804	1	1	0.127367367367367	0.687687687687688	0.86986986986987	NA	7	7	4	2	2	0	0	1	2	0	3	0	0	0	1	1	1	1	1	1	7	"g__UBA636"	"4271bdef8c959ba4e30e7c225bd3b6ed"
"f__Ruminococcaceae_subtree_40"	5	25	999	0.745282282282282	1	1	0.128633633633634	0.664664664664665	0.837837837837838	NA	25	25	5	2	3	1	0	4	1	1	0	2	0	0	16	1	1	1	1	1	25	"g__Faecalibacterium"	"f29656316e93a6cab04c9316d9773a16"
"f__Erysipelotrichaceae_subtree_45"	5	10	999	0.467245245245245	0.492492492492492	0.991991991991992	0.131671671671672	0.510510510510511	0.957957957957958	NA	10	10	5	2	3	0	1	1	3	0	4	0	0	0	1	1	1	1	1	1	10	"g__UBA636"	"b6f43fda23e2be081abc06bb4420752b"
"f__CAG-239_subtree_31"	4	8	999	1	1	1	0.13411011011011	0.997997997997998	1	NA	8	8	4	1	2	0	0	0	1	1	1	0	1	0	4	1	1	1	1	1	8	"g__RUG410"	"d173a1e298415a730303ccb42e8c939f"
"f__CAG-826_subtree_12"	7	10	999	0.512705705705706	0.497497497497497	0.688688688688689	0.136119119119119	0.756756756756757	0.934934934934935	NA	10	10	7	3	3	2	1	1	2	1	1	0	0	0	2	1	1	1	1	1	10	"g__Enteromonas"	"c4c0bbe137e8808218a6772bc6c94237"
"f__UMGS124_subtree_1"	4	6	999	1	1	1	0.140854854854855	0.998998998998999	1	NA	6	6	4	1	2	0	0	1	1	1	0	0	0	0	3	1	1	1	1	1	6	"g__UMGS124"	"04416b5c6df0e569f6ab72f84325a7eb"
"f__W3P20-009_subtree_1"	6	11	999	0.602461461461462	0.802802802802803	0.955955955955956	0.152192192192192	0.636636636636637	0.718718718718719	NA	11	11	6	5	3	2	2	0	2	2	2	0	0	0	1	1	1	1	1	1	10	"g__W3P20-009"	"8e4f7d74dbf7d400a4a0b2b44fc2adcc"
"f__Burkholderiaceae_subtree_79"	6	8	999	0.525225225225225	0.490490490490491	0.995995995995996	0.152818818818819	0.490490490490491	0.502502502502503	NA	8	8	6	2	3	2	0	1	1	1	1	0	0	0	2	1	1	1	1	1	8	"g__Duodenibacillus"	"f5267c636b75127c9e95cf284e65b1c8"
"f__Bacteroidaceae_subtree_282"	6	22	999	0.843805805805806	0.956956956956957	0.980980980980981	0.153115115115115	0.584584584584585	0.780780780780781	NA	22	22	6	5	3	0	1	2	4	3	2	0	0	3	7	1	1	1	1	1	22	"g__Alloprevotella"	"bfbffa07048fc0a3746e8e068861bde3"
"f__Tannerellaceae_subtree_19"	4	10	999	0.333332332332332	1	1	0.155855855855856	0.862862862862863	1	NA	10	10	4	1	3	1	0	0	1	1	0	0	0	0	7	1	1	1	1	1	10	"g__Parabacteroides"	"d2c3a74a393e2eb16ca7bbe9cf2b4ece"
"f__Bacteroidaceae_subtree_205"	5	11	999	0.525768768768769	0.516516516516517	0.996996996996997	0.158478478478478	0.516516516516517	0.710710710710711	NA	11	11	5	3	2	0	0	3	1	2	1	0	0	1	3	1	1	1	1	1	11	"g__Prevotella"	"bdeba01f5d2fbc8a3a145d14cf19da62"
"f__Lachnospiraceae_subtree_105"	5	6	999	0.333357357357357	1	1	0.159119119119119	1	1	NA	6	6	5	1	2	1	1	1	2	1	0	0	0	0	0	1	1	1	1	1	6	"g__Oribacterium"	"4326cb8557877d0bcf3e3652be5c8ca2"
"f__UBA1067_subtree_5"	5	10	999	0.486773773773774	0.754754754754755	0.998998998998999	0.160752752752753	0.640640640640641	0.792792792792793	NA	10	10	5	4	2	2	2	2	0	3	1	0	0	0	0	1	1	1	1	1	10	"g__UBA1067"	"0938df1af9dae7a492f0c74ba1990d69"
"f__UBA1067_subtree_10"	4	6	999	0.554673673673674	1	1	0.166061061061061	0.664664664664665	1	NA	6	6	4	1	3	1	0	0	0	1	1	0	1	0	2	1	1	1	1	1	6	"g__RUG572"	"c05b08ce35868fca7866893758ceeeb1"
"f__CAG-917_subtree_27"	4	4	999	1	1	1	0.167338338338338	1	1	NA	4	4	4	NA	2	1	0	1	0	1	1	0	0	0	0	1	1	1	1	1	4	"g__CAG-475"	"f064a5c46abcb3fae8d55a691ae99dae"
"f__Lachnospiraceae_subtree_554"	4	4	999	0.334627627627628	1	1	0.167391391391391	1	1	NA	4	4	4	NA	2	0	0	1	1	0	1	0	0	0	1	1	1	1	1	1	4	"g__Alectryocaccobium"	"12fd436053b4dd1ddf3d4120d4346122"
"f__Bacteroidaceae_subtree_335"	4	4	999	0.334471471471471	1	1	0.167610610610611	1	1	NA	4	4	4	NA	2	1	1	0	1	1	0	0	0	0	0	1	1	1	1	1	4	"g__UBA2918"	"fcb0bb99701509c10497cf86b28775e4"
"f__CAG-826_subtree_53"	4	4	999	1	1	1	0.167811811811812	1	1	NA	4	4	4	NA	2	1	0	1	0	1	1	0	0	0	0	1	1	1	1	1	4	"g__UBA3207"	"070dee133f702c3e6a61b95c50ab6d99"
"f__Lachnospiraceae_subtree_117"	7	10	999	1	1	1	0.180396396396396	0.847847847847848	1	NA	10	10	7	3	3	1	2	2	1	2	1	0	0	0	1	1	1	1	1	1	5	"g__KLE1615"	"f76e89bae8c01d1eed86a5e53a60b2e4"
"f__CAG-826_subtree_14"	5	6	999	0.56050950950951	0.528528528528529	0.992992992992993	0.184209209209209	0.528528528528529	0.528528528528529	NA	6	6	5	1	2	2	1	0	1	1	1	0	0	0	0	1	1	1	1	1	6	"g__Enteromonas"	"6c81d8c0bfe14ef29b0f99bab29a8071"
"f__CAG-288_subtree_17"	5	5	999	1	1	1	0.192804804804805	1	1	NA	5	5	5	NA	2	0	0	1	1	1	1	0	0	0	1	1	1	1	1	1	5	"g__Enterosoma"	"af05bec035d25833a04af9932b9af8bd"
"f__Bacteroidaceae_subtree_148"	5	19	999	0.657496496496497	0.918918918918919	0.998998998998999	0.195312312312312	0.782782782782783	0.835835835835836	NA	19	19	5	4	2	0	0	1	3	2	2	1	1	2	7	1	1	1	1	1	19	"g__Prevotella"	"3fafa1c72b7e8e85b45884381deba450"
"f__Bacteroidaceae_subtree_62"	7	7	999	1	1	1	0.198815815815816	1	1	NA	7	7	7	NA	3	1	1	1	1	1	1	0	0	0	1	1	1	1	1	1	7	"g__Prevotella"	"243ffd893f6e551fe6754fe226a01ddf"
"f__CAG-288_subtree_10"	6	11	999	0.632964964964965	1	1	0.203172172172172	0.731731731731732	0.874874874874875	NA	11	11	6	4	3	1	0	2	1	2	2	0	0	0	3	1	1	1	1	1	11	"g__Enterosoma"	"85a82aefb6873007bae765834b00b191"
"f__UBA932_subtree_16"	6	14	999	0.723940940940941	0.860860860860861	0.860860860860861	0.206733733733734	0.706706706706707	0.835835835835836	NA	14	14	6	3	3	1	0	1	1	3	2	0	1	1	4	1	1	1	1	1	12	"g__Cryptobacteroides"	"172bda4e29c5506b0bc98226ef585515"
"f__Oscillospiraceae_subtree_123"	4	4	999	1	1	1	0.209047047047047	1	1	NA	4	4	4	NA	2	0	0	1	1	0	1	0	0	0	1	1	1	1	1	1	4	"g__CAG-83"	"48a2d6f6bd6cd8272263ab06f5909bb2"
"f__Methanomethylophilaceae_subtree_29"	4	4	999	0.333608608608609	1	1	0.209184184184184	1	1	NA	4	4	4	NA	2	1	1	1	0	1	0	0	0	0	0	1	1	1	1	1	4	"g__Methanomethylophilus"	"e94875a6fc5f170d47f4381812c56f23"
"f__Desulfovibrionaceae_subtree_28"	4	4	999	0.334335335335335	1	1	0.209398398398398	1	1	NA	4	4	4	NA	2	0	0	1	1	1	0	0	1	0	0	1	1	1	1	1	4	"g__Desulfovibrio"	"f6764bcf39716ea54c328c6fdcc1ae02"
"f__Lachnospiraceae_subtree_441"	4	4	999	1	1	1	0.209427427427427	1	1	NA	4	4	4	NA	2	0	0	1	1	1	0	0	0	0	1	1	1	1	1	1	4	"g__Choladocola"	"a86732a78ce6fd62741ce769eb7cbf79"
"f__UBA932_subtree_60"	4	6	999	0.334314314314314	1	1	0.209533533533534	1	1	NA	6	6	4	2	3	1	0	1	2	0	0	1	1	0	0	1	1	1	1	1	6	"g__Cryptobacteroides"	"3b9c895c179569e6c24dfe701585819e"
"f__CAG-826_subtree_66"	4	5	999	0.67172972972973	1	1	0.209603603603604	1	1	NA	5	5	4	1	2	1	0	0	2	1	1	0	0	0	0	1	1	1	1	1	5	"g__Onthovivens"	"bfde4dd080d9fa44bf9e75a269356726"
"f__Butyricicoccaceae_subtree_24"	6	6	999	1	1	1	0.210542542542543	1	1	NA	6	6	6	NA	3	0	1	1	1	1	1	0	0	0	1	1	1	1	1	1	4	"g__Butyricicoccus_A"	"1da66b3899a10356ad445d93e42e8fd9"
"f__UBA932_subtree_57"	5	9	999	0.555066066066066	1	1	0.215737737737738	0.352352352352352	0.758758758758759	NA	9	9	5	3	3	3	1	1	2	0	0	1	1	0	0	1	1	1	1	1	9	"g__Cryptobacteroides"	"7889ba39d3b038e7431368926e5a8597"
"f__Sphaerochaetaceae_subtree_17"	6	14	999	0.420537537537538	0.787787787787788	0.911911911911912	0.220541541541542	0.723723723723724	0.926926926926927	NA	14	14	6	4	2	3	1	3	2	4	1	0	0	0	0	1	1	1	1	1	14	"g__Ornithospirochaeta"	"dc6da661106c47bcc71b826f100f1a68"
"f__Anaerovoracaceae_subtree_38"	4	12	999	0.93193993993994	1	1	0.220903903903904	0.997997997997998	1	NA	12	12	4	3	2	0	0	1	2	6	0	1	0	0	2	1	1	1	1	1	11	"g__CAG-238"	"c34eed71b32f693a42002b4bb4b3bed5"
"f__CAG-449_subtree_5"	5	5	999	1	1	1	0.234343343343343	1	1	NA	5	5	5	NA	3	1	0	1	1	1	0	0	0	0	1	1	1	1	1	1	5	"g__UBA3210"	"9bd7ca85bad5776187a432bb278289c0"
"f__Lachnospiraceae_subtree_254"	4	6	999	0.33421021021021	1	1	0.237962962962963	0.996996996996997	1	NA	6	6	4	1	2	0	0	1	1	1	0	1	0	0	2	1	1	1	1	1	6	"g__Lachnospira"	"894ce8e8ebb5275f935c3a8cba3ce0ee"
"f__Methanomethylophilaceae_subtree_3"	5	6	999	0.194472472472472	0.479479479479479	0.993993993993994	0.241896896896897	0.479479479479479	0.549549549549549	NA	6	6	5	1	3	2	1	1	0	1	0	0	0	0	1	1	1	1	1	1	6	"g__Methanomethylophilus"	"1b707792490ae8b70c5c42511bcdf89b"
"f__Erysipelotrichaceae_subtree_25"	4	9	999	1	1	1	0.243088088088088	1	1	NA	9	9	4	1	2	0	0	1	1	1	0	0	0	0	6	1	1	1	1	1	9	"g__Holdemanella"	"c8a690ef29352a1b122d82a99d233736"
"f__UBA932_subtree_91"	7	11	999	0.195845845845846	0.645645645645646	0.924924924924925	0.247308308308308	1	1	NA	11	11	7	3	3	2	1	1	2	3	1	0	0	0	1	1	1	1	1	1	11	"g__Cryptobacteroides"	"a16d6bf3c6fdf8c704fed3923f42d9fa"
"f__Lachnospiraceae_subtree_387"	4	6	999	1	1	1	0.250606606606607	1	1	NA	6	6	4	1	2	0	0	1	1	1	0	1	1	0	1	1	1	1	1	1	5	"g__Acetatifactor"	"f29e678a42afa83b709a5e668136fa6b"
"f__Lachnospiraceae_subtree_310"	4	5	999	0.333098098098098	1	1	0.250997997997998	1	1	NA	5	5	4	1	3	1	1	0	0	1	0	1	0	0	1	1	1	1	1	1	5	"g__W0P33-017"	"91e8ed7238033d89eaf58dc83cf8c474"
"f__Succinivibrionaceae_subtree_18"	4	4	999	1	1	1	0.251306306306306	1	1	NA	4	4	4	NA	2	0	0	1	1	1	0	0	0	0	1	1	1	1	1	1	4	"g__Succinivibrio"	"e513c3787cc356ed44d7e41da8030870"
"f__Lachnospiraceae_subtree_106"	4	5	999	1	1	1	0.252787787787788	1	1	NA	5	5	4	1	2	0	1	1	2	1	0	0	0	0	0	1	1	1	1	1	5	"g__Oribacterium"	"3f478b656c254418a403398862f8c69e"
"f__Oscillospiraceae_subtree_226"	4	6	999	0.334187187187187	1	1	0.253205205205205	1	1	NA	6	6	4	1	3	1	0	1	1	0	0	0	1	0	2	1	1	1	1	1	6	"g__UMGS1766"	"52c501ece97fedb61eb8aafc693d74e1"
"f__Coprobacillaceae_subtree_11"	5	5	999	1	1	1	0.259072072072072	1	1	NA	5	5	5	NA	3	0	1	1	0	1	1	0	0	0	1	1	1	1	1	1	2	"g__Faecalibacillus"	"e9ec9cdda80e2dacf3d3d1c2e8cbbcd4"
"f__Bifidobacteriaceae_subtree_23"	6	11	999	1	1	1	0.259796796796797	1	1	NA	11	11	6	2	3	0	1	1	1	1	2	1	0	0	4	1	1	1	1	1	10	"g__Bifidobacterium"	"ca8d324965794c039a62beb9df3d8a53"
"f__Paludibacteraceae_subtree_8"	6	20	999	0.798863863863864	0.981981981981982	1	0.263993993993994	0.707707707707708	0.863863863863864	NA	20	20	6	5	3	0	1	3	4	3	2	0	2	1	4	1	1	1	1	1	20	"g__RF16"	"2177bc7ec562da6a27cb25a73720ae53"
"f__Acidaminococcaceae_subtree_24"	5	14	999	1	1	1	0.269476476476476	1	1	NA	14	14	5	1	3	0	1	1	1	1	0	1	3	3	3	1	1	1	1	1	13	"g__Phascolarctobacterium_A"	"2e7d1d4e7686d21cfafb91a2ac751e7d"
"f__Oscillospiraceae_subtree_271"	6	11	999	0.651044044044044	0.914914914914915	0.998998998998999	0.282720720720721	0.546546546546547	0.748748748748749	NA	11	11	6	2	3	1	1	1	2	1	0	0	0	0	5	1	1	1	1	1	10	"g__Limivicinus"	"ff564a63409cbf7627b8e60674e2ef0e"
"f__Butyricicoccaceae_subtree_25"	5	5	999	1	1	1	0.283893893893894	1	1	NA	5	5	5	NA	2	0	1	1	1	1	1	0	0	0	0	1	1	1	1	1	3	"g__Butyricicoccus_A"	"fd4b0cbab5bf5e4a3c5a06812ecb0f0d"
"f__Bacteroidaceae_subtree_233"	6	13	999	0.742714714714715	0.895895895895896	0.945945945945946	0.286500500500501	1	1	NA	13	13	6	4	3	0	1	2	3	3	1	0	0	0	3	1	1	1	1	1	13	"g__Prevotella"	"b4c72f5424a690caab9ec0f01f90a69f"
"f__Lachnospiraceae_subtree_362"	4	4	999	0.333347347347347	1	1	0.291376376376376	1	1	NA	4	4	4	NA	2	1	1	1	1	0	0	0	0	0	0	1	1	1	1	1	4	"g__CAG-791"	"626a39e179e54d3b1b0981cd9e8bb02d"
"f__Bacteroidaceae_subtree_250"	4	4	999	0.334063063063063	1	1	0.292092092092092	1	1	NA	4	4	4	NA	2	1	1	0	1	1	0	0	0	0	0	1	1	1	1	1	4	"g__UBA1786"	"f358a6dcd26376830e1f1a824f3f868e"
"f__Acutalibacteraceae_subtree_268"	5	5	999	1	1	1	0.292379379379379	1	1	NA	5	5	5	NA	2	0	0	1	1	1	1	1	0	0	0	1	1	1	1	1	4	"g__CAG-177"	"ee25b47480531dba4bc9b6b19d4c26b3"
"f__WCHB1-69_subtree_1"	4	4	999	0.333648648648649	1	1	0.292750750750751	1	1	NA	4	4	4	NA	2	1	1	0	1	1	0	0	0	0	0	1	1	1	1	1	4	"g__F23-D06"	"1629bd04434593e5c7999ffefbf50936"
"f__CAG-826_subtree_13"	6	8	999	0.535189189189189	0.515515515515516	0.763763763763764	0.29331031031031	0.750750750750751	1	NA	8	8	6	2	2	2	1	1	2	1	1	0	0	0	0	1	1	1	1	1	8	"g__Enteromonas"	"e8700fc3fe697d25aab47a2515940f03"
"f__Lachnospiraceae_subtree_566"	4	8	999	1	1	1	0.294590590590591	0.998998998998999	1	NA	8	8	4	1	2	0	0	1	1	0	1	0	0	0	5	1	1	1	1	1	8	"g__Blautia_A"	"0bcef0cd2960cc1eab43abc96b4472be"
"f__CAG-826_subtree_41"	6	9	999	0.595032032032032	0.756756756756757	0.997997997997998	0.306282282282282	1	1	NA	9	9	6	3	2	1	2	2	2	1	1	0	0	0	0	1	1	1	1	1	9	"g__UBA4951"	"647f48950c8a4cc12fac659d14de4a4f"
"f__Acutalibacteraceae_subtree_244"	5	10	999	0.720625625625626	0.74974974974975	0.997997997997998	0.307042042042042	0.60960960960961	0.60960960960961	NA	10	10	5	3	3	1	0	1	2	2	0	1	0	2	1	1	1	1	1	1	10	"g__CAG-488"	"b7741dbb910ec69d1d88f26e25232ecc"
"f__UBA1067_subtree_22"	4	5	999	0.333471471471471	1	1	0.311592592592593	1	1	NA	5	5	4	1	2	1	1	1	0	2	0	0	0	0	0	1	1	1	1	1	5	"g__UBA1067"	"8847fd10c49ee96f21e3c3096ebf48c8"
"f__Lachnospiraceae_subtree_293"	4	8	999	0.674958958958959	1	1	0.318456456456456	0.887887887887888	1	NA	8	8	4	2	2	0	0	1	1	0	2	0	1	0	3	1	1	1	1	1	8	"g__Agathobacter"	"bd407edefc5593f59ea9e0620427d6e0"
"f__UBA660_subtree_27"	5	8	999	0.334336336336336	1	1	0.321474474474474	1	1	NA	8	8	5	1	3	1	1	1	1	0	0	0	0	0	4	1	1	1	1	1	7	"g__CAG-877"	"2b605f53f974568e853e3b3825b18bfc"
"f__CAG-826_subtree_58"	6	16	999	0.668023023023023	0.858858858858859	0.982982982982983	0.332019019019019	0.802802802802803	0.896896896896897	NA	16	16	6	5	3	2	0	1	3	3	3	0	0	0	4	1	1	1	1	1	16	"g__Onthovivens"	"d814184e4f9add45904a3fdea125d347"
"f__CAG-826_subtree_61"	4	6	999	0.333225225225225	1	1	0.333808808808809	1	1	NA	6	6	4	1	3	1	0	0	0	1	1	0	0	0	3	1	1	1	1	1	6	"g__Onthovivens"	"0f72cd8877cf5e948573caf7ea1f9788"
"f__CAG-826_subtree_60"	5	11	999	0.64582982982983	0.887887887887888	0.998998998998999	0.33629029029029	0.834834834834835	1	NA	11	11	5	5	3	2	0	0	2	2	2	0	0	0	3	1	1	1	1	1	11	"g__Onthovivens"	"bdcd7021098fb7e06e604973fc9ab55e"
"f__Sphaerochaetaceae_subtree_4"	6	11	999	0.731803803803804	1	1	0.342884884884885	0.87987987987988	0.913913913913914	NA	11	11	6	5	3	2	0	2	2	2	1	0	1	0	1	1	1	1	1	1	11	"g__UBA9732"	"78046f763d3d476a42834ddd534bebca"
"f__Lachnospiraceae_subtree_281"	4	8	999	0.482271271271271	1	1	0.345511511511511	0.805805805805806	0.831831831831832	NA	8	8	4	1	2	0	0	1	1	0	1	0	1	0	4	1	1	1	1	1	7	"g__Roseburia"	"b96fc91345a31d8c1a97c0d88930e3b8"
"f__Acutalibacteraceae_subtree_251"	4	7	999	0.655305305305305	1	1	0.347906906906907	0.483483483483483	0.560560560560561	NA	7	7	4	2	2	0	0	1	2	1	0	1	0	1	1	1	1	1	1	1	7	"g__CAG-488"	"3e5429f41d54c171e0299d296a9c3215"
"f__Atopobiaceae_subtree_10"	7	14	999	0.0961211211211211	0.292292292292292	0.627627627627628	0.363477477477477	0.701701701701702	0.787787787787788	NA	14	14	7	4	3	1	1	2	3	3	1	0	1	0	2	1	1	1	1	1	13	"g__Paratractidigestivibacter"	"c8bbd40738f4b9a13931b7957f24b254"
"f__Treponemataceae_subtree_7"	6	21	999	0.685794794794795	0.825825825825826	0.951951951951952	0.363930930930931	0.778778778778779	0.892892892892893	NA	21	21	6	4	3	1	4	1	3	3	0	0	2	0	7	1	1	1	1	1	21	"g__Treponema_D"	"cf949c85ec09e650ef2ee072dc6387ff"
"f__W3P20-009_subtree_6"	5	5	999	1	1	1	0.367521521521522	1	1	NA	5	5	5	NA	2	1	1	0	1	1	1	0	0	0	0	1	1	1	1	1	4	"g__W3P20-009"	"78fd2244fcecb5d8d1c935071a03b807"
"f__Bacteroidaceae_subtree_286"	5	12	999	1	1	1	0.374845845845846	1	1	NA	12	12	5	2	2	0	0	1	2	1	1	0	0	2	5	1	1	1	1	1	12	"g__Alloprevotella"	"5fab4adad9f723a24d463a5b37d16234"
"f__Acidaminococcaceae_subtree_25"	4	4	999	1	1	1	0.375485485485485	1	1	NA	4	4	4	NA	2	0	1	1	1	1	0	0	0	0	0	1	1	1	1	1	4	"g__Phascolarctobacterium_A"	"ebb51a9390797d78fca06dac09e868e9"
"f__CAG-74_subtree_29"	4	4	999	1	1	1	0.375940940940941	1	1	NA	4	4	4	NA	2	1	1	0	1	1	0	0	0	0	0	1	1	1	1	1	3	"g__UBA11524"	"779054e3acd1dd2f157c2c5488209371"
"f__Lachnospiraceae_subtree_564"	5	39	999	0.948776776776777	1	1	0.391365365365365	0.995995995995996	1	NA	39	39	5	3	2	0	0	4	2	1	1	0	1	0	30	1	1	1	1	1	38	"g__Blautia_A"	"d4c69e9ddd23d9881215a276555e0305"
"f__Acutalibacteraceae_subtree_218"	4	5	999	1	1	1	0.395538538538539	1	1	NA	5	5	4	1	2	0	0	1	1	2	0	0	0	0	1	1	1	1	1	1	3	"g__Fimenecus"	"c44d9febe1cac37ba7bd4e7b9566fb7d"
"f__UBA660_subtree_31"	4	4	999	1	1	1	0.416617617617618	1	1	NA	4	4	4	NA	3	1	1	1	0	0	0	0	0	0	1	1	1	1	1	1	4	"g__CAG-877"	"0048d127146228bc99acdac05a7cadff"
"f__Paludibacteraceae_subtree_23"	4	5	999	1	1	1	0.416993993993994	1	1	NA	5	5	4	1	2	0	0	0	1	1	1	0	1	1	0	1	1	1	1	1	5	"g__RF16"	"8e4dd6e9f96b079b481f5412f071a8b1"
"f__Acutalibacteraceae_subtree_3"	4	4	999	0.333811811811812	1	1	0.458758758758759	1	1	NA	4	4	4	NA	2	0	0	0	1	1	1	0	0	0	1	1	1	1	1	1	3	"g__RUG806"	"4aa745c5e32f186bd71069c4f135a62c"
"f__Treponemataceae_subtree_3"	4	4	999	1	1	1	0.459476476476476	1	1	NA	4	4	4	NA	3	1	1	0	0	1	0	0	0	0	1	1	1	1	1	1	4	"g__Treponema_D"	"59d254d6305cca18592414006dfcf766"
"f__Lachnospiraceae_subtree_35"	4	4	999	1	1	1	0.45963963963964	1	1	NA	4	4	4	NA	2	0	0	1	1	1	0	0	0	0	1	1	1	1	1	1	4	"g__Enterocloster"	"31bf03d3719950b5e592f3035297fe16"
"f__Ruminococcaceae_subtree_41"	4	24	999	0.944658658658659	1	1	0.480640640640641	1	1	NA	24	24	4	2	2	0	0	4	1	1	0	2	0	0	16	1	1	1	1	1	24	"g__Faecalibacterium"	"562375c3f572c0c11ec53ac837b934b3"
"f__Treponemataceae_subtree_1"	7	29	999	0.876700700700701	0.993993993993994	0.997997997997998	0.490638638638639	0.942942942942943	0.981981981981982	NA	29	29	7	6	3	2	5	1	3	3	2	0	2	2	9	1	1	1	1	1	29	"g__Treponema_D"	"aec52f973bc1ab749db4a8b659cfb2a5"
"f__Atopobiaceae_subtree_4"	5	5	999	0.334402402402402	1	1	0.492416416416416	1	1	NA	5	5	5	NA	3	1	1	1	1	0	0	0	1	0	0	1	1	1	1	1	4	"g__Paratractidigestivibacter"	"95d8c9e7ffebaccc7d8929ecc93f967e"
"f__Nanosyncoccaceae_subtree_2"	5	5	999	1	1	1	0.516491491491492	1	1	NA	5	5	5	NA	2	1	0	1	1	1	1	0	0	0	0	1	1	1	1	1	5	"g__Nanosyncoccus"	"5e6b6c079ec52974e556752a1c57d45e"
"f__Oscillospiraceae_subtree_117"	5	25	999	0.964344344344344	0.995995995995996	1	0.516893893893894	0.998998998998999	1	NA	25	25	5	4	2	0	0	2	5	2	1	0	0	0	15	1	1	1	1	1	23	"g__CAG-83"	"1fa12e4407826edf807a23cc1e6b3154"
"f__Bacteroidaceae_subtree_110"	4	13	999	1	1	1	0.527337337337337	1	1	NA	13	13	4	1	2	0	0	0	1	1	1	3	1	1	5	1	1	1	1	1	13	"g__Prevotella"	"39774ce1223c50ca8a33827ac606bad1"
"f__UBA660_subtree_145"	4	11	999	0.841244244244244	1	1	0.527355355355355	1	1	NA	11	11	4	3	3	0	2	1	2	0	0	0	0	0	6	1	1	1	1	1	8	"g__Aphodocola"	"0cbcd6a61e616ca8a6f77b0c294d37f5"
"f__Acidaminococcaceae_subtree_23"	6	16	999	1	1	1	0.533488488488489	1	1	NA	16	16	6	1	3	0	1	1	1	1	1	1	3	4	3	1	1	1	1	1	15	"g__Phascolarctobacterium_A"	"91fb20e5b55ff81938a589b3edd91fd9"
"f__UBA932_subtree_111"	4	6	999	0.508848848848849	1	1	0.534967967967968	0.761761761761762	1	NA	6	6	4	2	2	0	0	0	2	1	2	0	1	0	0	1	1	1	1	1	6	"g__Cryptobacteroides"	"19d21f965e544a6c3d6e93f3b48f0f48"
"f__Bifidobacteriaceae_subtree_24"	5	6	999	1	1	1	0.536268268268268	1	1	NA	6	6	5	1	2	0	1	1	1	1	2	0	0	0	0	1	1	1	1	1	5	"g__Bifidobacterium"	"ec8cef82e40946d32a9b48026c6d8777"
"f__Lachnospiraceae_subtree_61"	4	4	999	0.333417417417417	1	1	0.541591591591592	1	1	NA	4	4	4	NA	2	0	0	1	1	1	0	0	0	0	1	1	1	1	1	1	4	"g__Ventrimonas"	"6f016242bf9e32c7b396ab64d2f86e2d"
"f__Nanosyncoccaceae_subtree_6"	4	4	999	1	1	1	0.542049049049049	1	1	NA	4	4	4	NA	2	1	0	1	0	1	1	0	0	0	0	1	1	1	1	1	4	"g__Nanosyncoccus"	"1eda499351ff0bde07ec51f43e5aaa29"
"f__Lachnospiraceae_subtree_445"	4	5	999	0.334006006006006	1	1	0.542267267267267	1	1	NA	5	5	4	1	2	0	0	1	1	1	0	0	0	0	2	1	1	1	1	1	5	"g__Merdisoma"	"3d247b48d6346718305450241ac23c6f"
"f__Eggerthellaceae_subtree_103"	4	4	999	1	1	1	0.542538538538539	1	1	NA	4	4	4	NA	3	0	1	1	1	0	0	0	0	0	1	1	1	1	1	1	4	"g__Phoenicibacter"	"dc74763134c5e30c448acb9076b1be52"
"f__UBA932_subtree_55"	6	11	999	0.521455455455455	1	1	0.55313013013013	1	1	NA	11	11	6	3	3	3	1	1	2	1	0	1	1	0	1	1	1	1	1	1	11	"g__Cryptobacteroides"	"d8b91c09ee2437768444b58e63835402"
"f__Borkfalkiaceae_subtree_3"	4	13	999	0.793262262262262	1	1	0.59317017017017	1	1	NA	13	13	4	1	2	0	0	1	0	1	1	0	1	0	9	1	1	1	1	1	13	"g__UBA10281"	"4993380a213599158a9e07220f6ba203"
"f__Oscillospiraceae_subtree_102"	4	14	999	1	1	1	0.595876876876877	1	1	NA	14	14	4	2	2	0	0	1	1	2	0	1	0	1	8	1	1	1	1	1	13	"g__ER4"	"623d5ccfea1a00c2825160cb1a9a8ee2"
"f__Bacteroidaceae_subtree_122"	4	5	999	1	1	1	0.624656656656657	1	1	NA	5	5	4	1	2	0	0	0	1	1	1	0	0	0	2	1	1	1	1	1	5	"g__Prevotella"	"a6146db477be1c44733f57adec576855"
"f__Burkholderiaceae_subtree_83"	5	5	999	1	1	1	0.625069069069069	1	1	NA	5	5	5	NA	2	1	0	1	1	1	1	0	0	0	0	1	1	1	1	1	5	"g__Duodenibacillus"	"024834bb9f41a3fc15b811f9474c189a"
"f__Atopobiaceae_subtree_3"	4	4	999	1	1	1	0.625181181181181	1	1	NA	4	4	4	NA	3	1	1	0	1	0	0	0	1	0	0	1	1	1	1	1	3	"g__Paratractidigestivibacter"	"338bafa4db222e0713a4b37df60bbfc2"
"f__Bifidobacteriaceae_subtree_26"	4	4	999	1	1	1	0.625367367367367	1	1	NA	4	4	4	NA	2	0	1	1	0	1	1	0	0	0	0	1	1	1	1	1	3	"g__Bifidobacterium"	"c0030e3497bf424f04c70bf1a2c86032"
"f__Burkholderiaceae_subtree_84"	4	4	999	1	1	1	0.625543543543544	1	1	NA	4	4	4	NA	2	1	0	0	1	1	1	0	0	0	0	1	1	1	1	1	4	"g__Duodenibacillus"	"cda767320084a944e1861e4784855f0c"
"f__Lachnospiraceae_subtree_120"	6	6	999	1	1	1	0.639258258258258	1	1	NA	6	6	6	NA	2	1	1	1	1	1	1	0	0	0	0	1	1	1	1	1	2	"g__KLE1615"	"099f7394b79e0ea6f2a1b5775fab6ac9"
"f__W3P20-009_subtree_7"	4	4	999	1	1	1	0.666964964964965	1	1	NA	4	4	4	NA	2	0	1	0	1	1	1	0	0	0	0	1	1	1	1	1	3	"g__W3P20-009"	"19d3b5c5beb9dff52e48cb3848e1dde6"
"f__Staphylococcaceae_subtree_5"	4	14	999	0.93358958958959	1	1	0.683	1	1	NA	14	14	4	1	3	1	1	1	0	0	0	0	0	0	11	1	1	1	1	1	14	"g__Staphylococcus"	"c7cbc3551196c7c01e3d232a7e61c7e1"
"f__CAG-977_subtree_6"	4	7	999	1	1	1	0.689537537537538	1	1	NA	7	7	4	1	3	1	0	0	1	1	0	0	0	0	4	1	1	1	1	1	5	"g__UBA11549"	"8588531fa95a2e69be9a920ea3037300"
"f__CAG-272_subtree_52"	4	4	999	1	1	1	0.707981981981982	1	1	NA	4	4	4	NA	3	1	1	0	0	1	0	0	1	0	0	1	1	1	1	1	3	"g__CAG-448"	"38b390c95231ae5c1a509822de90fae4"
"f__Lachnospiraceae_subtree_292"	6	12	999	0.933154154154154	1	1	0.711494494494495	1	1	NA	12	12	6	3	3	0	1	1	2	1	2	0	1	1	3	1	1	1	1	1	10	"g__Agathobacter"	"993665e619e492c176f2c756315c1688"
"f__Atopobiaceae_subtree_6"	6	7	999	0.174997997997998	0.485485485485486	0.995995995995996	0.716377377377377	1	1	NA	7	7	6	1	3	1	1	1	2	1	0	0	1	0	0	1	1	1	1	1	6	"g__Paratractidigestivibacter"	"d449f891d8772b6c85c54e9d7c305825"
"f__Lachnospiraceae_subtree_487"	4	4	999	1	1	1	0.749647647647648	1	1	NA	4	4	4	NA	3	0	1	0	1	1	0	0	0	0	1	1	1	1	1	1	2	"g__Dorea_A"	"e82219cd8b68c420aac6afaa014d3283"
"f__UBA660_subtree_105"	4	4	999	1	1	1	0.791381381381381	1	1	NA	4	4	4	NA	3	1	1	0	1	0	0	0	0	0	1	1	1	1	1	1	4	"g__CAG-1000"	"7c3164900cf6a265d1ddf77360939a3a"
"f__CAG-826_subtree_15"	4	4	999	1	1	1	0.791554554554555	1	1	NA	4	4	4	NA	2	1	0	0	1	1	1	0	0	0	0	1	1	1	1	1	4	"g__Enteromonas"	"dc8212b6bd66a1c75d8a34a92f8b3623"
"f__Lachnospiraceae_subtree_300"	4	4	999	1	1	1	0.83363963963964	1	1	NA	4	4	4	NA	3	0	1	0	1	1	0	0	0	1	0	1	1	1	1	1	2	"g__Agathobacter"	"34146f55bdeb4fb3b5e1818652954494"
"f__Treponemataceae_subtree_4"	5	5	999	1	1	1	0.841705705705706	1	1	NA	5	5	5	NA	3	1	1	0	1	1	0	0	0	0	1	1	1	1	1	1	5	"g__Treponema_D"	"6be376dd75b94b0c702b09fd131393b2"
"f__Lachnospiraceae_subtree_409"	4	4	999	0.333752752752753	1	1	0.87466966966967	1	1	NA	4	4	4	NA	3	0	1	0	1	1	0	0	0	0	1	1	1	1	1	1	4	"g__CAG-95"	"a56d0f41eba1d5056d9e731d41ac9c4f"
"f__Oscillospiraceae_subtree_278"	4	4	999	1	1	1	0.875214214214214	1	1	NA	4	4	4	NA	2	0	0	1	1	1	0	0	0	0	1	1	1	1	1	1	3	"g__Limivicinus"	"09e82106f6bf0ed3ffff5d516eaff796"
"f__Lachnospiraceae_subtree_485"	5	7	999	1	1	1	0.899682682682683	1	1	NA	7	7	5	1	3	0	1	0	1	1	1	0	0	0	3	1	1	1	1	1	5	"g__Dorea_A"	"48d758f4480475496ebb6decde4f56e2"
"f__Ruminococcaceae_subtree_21"	4	19	999	1	1	1	0.928936936936937	1	1	NA	19	19	4	2	3	1	0	1	3	0	0	0	0	0	14	1	1	1	1	1	18	"g__Gemmiger"	"36046ed9b45bbf8f349165176d88e6d1"
"f__Lachnospiraceae_subtree_166"	5	5	999	1	1	1	1	1	1	NA	5	5	5	NA	3	0	1	1	1	1	0	0	0	0	1	1	1	1	1	1	4	"g__CAG-127"	"1fa623c78524634549d72ac5ca768a25"
"f__Lachnospiraceae_subtree_167"	4	4	999	1	1	1	1	1	1	NA	4	4	4	NA	2	0	1	1	1	1	0	0	0	0	0	1	1	1	1	1	3	"g__CAG-127"	"f06818d1ac4b9563184e62c136af8277"
